ORIGIN;DESTINATION;Rides;O_Lon;O_Lat;D_Lon;D_Lat;Geom
ARMOUR SQUARE;ALBANY PARK;0;-87.6339737;41.84207749;-87.72155978;41.96806847;LINESTRING (-87.6339737 41.84207749, -87.72155978 41.96806847
ARMOUR SQUARE;ARCHER HEIGHTS;0;-87.6339737;41.84207749;-87.72636284;41.81087957;
ARMOUR SQUARE;ARMOUR SQUARE;1;-87.6339737;41.84207749;-87.6339737;41.84207749;
ARMOUR SQUARE;AUSTIN;0;-87.6339737;41.84207749;-87.76311182;41.8941013;
ARMOUR SQUARE;AVONDALE;0;-87.6339737;41.84207749;-87.71121064;41.93866589;
ARMOUR SQUARE;BELMONT CRAGIN;0;-87.6339737;41.84207749;-87.78802248;41.92764196;
ARMOUR SQUARE;BRIDGEPORT;0;-87.6339737;41.84207749;-87.64878825;41.83615066;
ARMOUR SQUARE;BRIGHTON PARK;0;-87.6339737;41.84207749;-87.69886064;41.8173668;
ARMOUR SQUARE;CHICAGO LAWN;0;-87.6339737;41.84207749;-87.69566636;41.77184916;
ARMOUR SQUARE;DUNNING;0;-87.6339737;41.84207749;-87.78151878;41.94935283;
ARMOUR SQUARE;EAST GARFIELD PARK;0;-87.6339737;41.84207749;-87.70589721;41.87891463;
ARMOUR SQUARE;GARFIELD RIDGE;0;-87.6339737;41.84207749;-87.76423968;41.79618561;
ARMOUR SQUARE;HERMOSA;0;-87.6339737;41.84207749;-87.73474016;41.92434776;
ARMOUR SQUARE;HUMBOLDT PARK;0;-87.6339737;41.84207749;-87.72091881;41.90006985;
ARMOUR SQUARE;IRVING PARK;0;-87.6339737;41.84207749;-87.73815125;41.94987713;
ARMOUR SQUARE;JEFFERSON PARK;0;-87.6339737;41.84207749;-87.77116692;41.97882998;
ARMOUR SQUARE;KENWOOD;0;-87.6339737;41.84207749;-87.59618358;41.80891637;
ARMOUR SQUARE;LAKE VIEW;0;-87.6339737;41.84207749;-87.65599893;41.94422687;
ARMOUR SQUARE;LINCOLN PARK;0;-87.6339737;41.84207749;-87.64948972;41.92268612;
ARMOUR SQUARE;LINCOLN SQUARE;0;-87.6339737;41.84207749;-87.68751544;41.97517153;
ARMOUR SQUARE;LOGAN SQUARE;0;-87.6339737;41.84207749;-87.67997294;41.92047802;
ARMOUR SQUARE;LOOP;0;-87.6339737;41.84207749;-87.62519187;41.87886595;
ARMOUR SQUARE;LOWER WEST SIDE;0;-87.6339737;41.84207749;-87.66756823;41.85026617;
ARMOUR SQUARE;MCKINLEY PARK;0;-87.6339737;41.84207749;-87.6725027;41.82992225;
ARMOUR SQUARE;MONTCLARE;0;-87.6339737;41.84207749;-87.79761488;41.92561056;
ARMOUR SQUARE;NEAR NORTH SIDE;0;-87.6339737;41.84207749;-87.63330944;41.89960211;
ARMOUR SQUARE;NEAR SOUTH SIDE;0;-87.6339737;41.84207749;-87.62033483;41.85718427;
ARMOUR SQUARE;NEAR WEST SIDE;0;-87.6339737;41.84207749;-87.66351789;41.87400538;
ARMOUR SQUARE;NEW CITY;0;-87.6339737;41.84207749;-87.65916685;41.80901852;
ARMOUR SQUARE;NORTH CENTER;0;-87.6339737;41.84207749;-87.68383518;41.94779237;
ARMOUR SQUARE;NORTH LAWNDALE;0;-87.6339737;41.84207749;-87.71721947;41.86018959;
ARMOUR SQUARE;NORWOOD PARK;0;-87.6339737;41.84207749;-87.80453106;41.98501519;
ARMOUR SQUARE;PORTAGE PARK;0;-87.6339737;41.84207749;-87.76339991;41.95402816;
ARMOUR SQUARE;SOUTH LAWNDALE;0;-87.6339737;41.84207749;-87.7140021;41.83908701;
ARMOUR SQUARE;UPTOWN;0;-87.6339737;41.84207749;-87.65587932;41.96581208;
ARMOUR SQUARE;WEST ENGLEWOOD;0;-87.6339737;41.84207749;-87.66659636;41.77593029;
ARMOUR SQUARE;WEST GARFIELD PARK;0;-87.6339737;41.84207749;-87.72799576;41.87705644;
ARMOUR SQUARE;WEST RIDGE;0;-87.6339737;41.84207749;-87.69501266;42.00157215;
ARMOUR SQUARE;WEST TOWN;0;-87.6339737;41.84207749;-87.67635713;41.90120673;
ARMOUR SQUARE;WOODLAWN;0;-87.6339737;41.84207749;-87.59492536;41.77887641;
AUSTIN;ALBANY PARK;1;-87.76311182;41.8941013;-87.72155978;41.96806847;
AUSTIN;ARCHER HEIGHTS;0;-87.76311182;41.8941013;-87.72636284;41.81087957;
AUSTIN;ARMOUR SQUARE;0;-87.76311182;41.8941013;-87.6339737;41.84207749;
AUSTIN;AUSTIN;14535;-87.76311182;41.8941013;-87.76311182;41.8941013;
AUSTIN;AVONDALE;42;-87.76311182;41.8941013;-87.71121064;41.93866589;
AUSTIN;BELMONT CRAGIN;1236;-87.76311182;41.8941013;-87.78802248;41.92764196;
AUSTIN;BRIDGEPORT;1;-87.76311182;41.8941013;-87.64878825;41.83615066;
AUSTIN;BRIGHTON PARK;0;-87.76311182;41.8941013;-87.69886064;41.8173668;
AUSTIN;CHICAGO LAWN;0;-87.76311182;41.8941013;-87.69566636;41.77184916;
AUSTIN;DUNNING;56;-87.76311182;41.8941013;-87.78151878;41.94935283;
AUSTIN;EAST GARFIELD PARK;182;-87.76311182;41.8941013;-87.70589721;41.87891463;
AUSTIN;GARFIELD RIDGE;1;-87.76311182;41.8941013;-87.76423968;41.79618561;
AUSTIN;HERMOSA;234;-87.76311182;41.8941013;-87.73474016;41.92434776;
AUSTIN;HUMBOLDT PARK;838;-87.76311182;41.8941013;-87.72091881;41.90006985;
AUSTIN;IRVING PARK;25;-87.76311182;41.8941013;-87.73815125;41.94987713;
AUSTIN;JEFFERSON PARK;0;-87.76311182;41.8941013;-87.77116692;41.97882998;
AUSTIN;KENWOOD;0;-87.76311182;41.8941013;-87.59618358;41.80891637;
AUSTIN;LAKE VIEW;0;-87.76311182;41.8941013;-87.65599893;41.94422687;
AUSTIN;LINCOLN PARK;4;-87.76311182;41.8941013;-87.64948972;41.92268612;
AUSTIN;LINCOLN SQUARE;0;-87.76311182;41.8941013;-87.68751544;41.97517153;
AUSTIN;LOGAN SQUARE;178;-87.76311182;41.8941013;-87.67997294;41.92047802;
AUSTIN;LOOP;2;-87.76311182;41.8941013;-87.62519187;41.87886595;
AUSTIN;LOWER WEST SIDE;5;-87.76311182;41.8941013;-87.66756823;41.85026617;
AUSTIN;MCKINLEY PARK;0;-87.76311182;41.8941013;-87.6725027;41.82992225;
AUSTIN;MONTCLARE;154;-87.76311182;41.8941013;-87.79761488;41.92561056;
AUSTIN;NEAR NORTH SIDE;0;-87.76311182;41.8941013;-87.63330944;41.89960211;
AUSTIN;NEAR SOUTH SIDE;0;-87.76311182;41.8941013;-87.62033483;41.85718427;
AUSTIN;NEAR WEST SIDE;161;-87.76311182;41.8941013;-87.66351789;41.87400538;
AUSTIN;NEW CITY;0;-87.76311182;41.8941013;-87.65916685;41.80901852;
AUSTIN;NORTH CENTER;3;-87.76311182;41.8941013;-87.68383518;41.94779237;
AUSTIN;NORTH LAWNDALE;195;-87.76311182;41.8941013;-87.71721947;41.86018959;
AUSTIN;NORWOOD PARK;0;-87.76311182;41.8941013;-87.80453106;41.98501519;
AUSTIN;PORTAGE PARK;107;-87.76311182;41.8941013;-87.76339991;41.95402816;
AUSTIN;SOUTH LAWNDALE;14;-87.76311182;41.8941013;-87.7140021;41.83908701;
AUSTIN;UPTOWN;0;-87.76311182;41.8941013;-87.65587932;41.96581208;
AUSTIN;WEST ENGLEWOOD;0;-87.76311182;41.8941013;-87.66659636;41.77593029;
AUSTIN;WEST GARFIELD PARK;667;-87.76311182;41.8941013;-87.72799576;41.87705644;
AUSTIN;WEST RIDGE;0;-87.76311182;41.8941013;-87.69501266;42.00157215;
AUSTIN;WEST TOWN;211;-87.76311182;41.8941013;-87.67635713;41.90120673;
AUSTIN;WOODLAWN;0;-87.76311182;41.8941013;-87.59492536;41.77887641;
AVONDALE;ALBANY PARK;1;-87.71121064;41.93866589;-87.72155978;41.96806847;
AVONDALE;ARCHER HEIGHTS;0;-87.71121064;41.93866589;-87.72636284;41.81087957;
AVONDALE;ARMOUR SQUARE;0;-87.71121064;41.93866589;-87.6339737;41.84207749;
AVONDALE;AUSTIN;40;-87.71121064;41.93866589;-87.76311182;41.8941013;
AVONDALE;AVONDALE;8247;-87.71121064;41.93866589;-87.71121064;41.93866589;
AVONDALE;BELMONT CRAGIN;520;-87.71121064;41.93866589;-87.78802248;41.92764196;
AVONDALE;BRIDGEPORT;0;-87.71121064;41.93866589;-87.64878825;41.83615066;
AVONDALE;BRIGHTON PARK;0;-87.71121064;41.93866589;-87.69886064;41.8173668;
AVONDALE;CHICAGO LAWN;0;-87.71121064;41.93866589;-87.69566636;41.77184916;
AVONDALE;DUNNING;34;-87.71121064;41.93866589;-87.78151878;41.94935283;
AVONDALE;EAST GARFIELD PARK;10;-87.71121064;41.93866589;-87.70589721;41.87891463;
AVONDALE;GARFIELD RIDGE;0;-87.71121064;41.93866589;-87.76423968;41.79618561;
AVONDALE;HERMOSA;515;-87.71121064;41.93866589;-87.73474016;41.92434776;
AVONDALE;HUMBOLDT PARK;193;-87.71121064;41.93866589;-87.72091881;41.90006985;
AVONDALE;IRVING PARK;1500;-87.71121064;41.93866589;-87.73815125;41.94987713;
AVONDALE;JEFFERSON PARK;0;-87.71121064;41.93866589;-87.77116692;41.97882998;
AVONDALE;KENWOOD;0;-87.71121064;41.93866589;-87.59618358;41.80891637;
AVONDALE;LAKE VIEW;0;-87.71121064;41.93866589;-87.65599893;41.94422687;
AVONDALE;LINCOLN PARK;14;-87.71121064;41.93866589;-87.64948972;41.92268612;
AVONDALE;LINCOLN SQUARE;1;-87.71121064;41.93866589;-87.68751544;41.97517153;
AVONDALE;LOGAN SQUARE;5029;-87.71121064;41.93866589;-87.67997294;41.92047802;
AVONDALE;LOOP;0;-87.71121064;41.93866589;-87.62519187;41.87886595;
AVONDALE;LOWER WEST SIDE;6;-87.71121064;41.93866589;-87.66756823;41.85026617;
AVONDALE;MCKINLEY PARK;0;-87.71121064;41.93866589;-87.6725027;41.82992225;
AVONDALE;MONTCLARE;7;-87.71121064;41.93866589;-87.79761488;41.92561056;
AVONDALE;NEAR NORTH SIDE;5;-87.71121064;41.93866589;-87.63330944;41.89960211;
AVONDALE;NEAR SOUTH SIDE;0;-87.71121064;41.93866589;-87.62033483;41.85718427;
AVONDALE;NEAR WEST SIDE;85;-87.71121064;41.93866589;-87.66351789;41.87400538;
AVONDALE;NEW CITY;0;-87.71121064;41.93866589;-87.65916685;41.80901852;
AVONDALE;NORTH CENTER;121;-87.71121064;41.93866589;-87.68383518;41.94779237;
AVONDALE;NORTH LAWNDALE;7;-87.71121064;41.93866589;-87.71721947;41.86018959;
AVONDALE;NORWOOD PARK;1;-87.71121064;41.93866589;-87.80453106;41.98501519;
AVONDALE;PORTAGE PARK;403;-87.71121064;41.93866589;-87.76339991;41.95402816;
AVONDALE;SOUTH LAWNDALE;6;-87.71121064;41.93866589;-87.7140021;41.83908701;
AVONDALE;UPTOWN;0;-87.71121064;41.93866589;-87.65587932;41.96581208;
AVONDALE;WEST ENGLEWOOD;0;-87.71121064;41.93866589;-87.66659636;41.77593029;
AVONDALE;WEST GARFIELD PARK;2;-87.71121064;41.93866589;-87.72799576;41.87705644;
AVONDALE;WEST RIDGE;0;-87.71121064;41.93866589;-87.69501266;42.00157215;
AVONDALE;WEST TOWN;752;-87.71121064;41.93866589;-87.67635713;41.90120673;
AVONDALE;WOODLAWN;0;-87.71121064;41.93866589;-87.59492536;41.77887641;
BELMONT CRAGIN;ALBANY PARK;0;-87.76550184;41.92726074;-87.72155978;41.96806847;
BELMONT CRAGIN;ARCHER HEIGHTS;0;-87.76550184;41.92726074;-87.72636284;41.81087957;
BELMONT CRAGIN;ARMOUR SQUARE;0;-87.76550184;41.92726074;-87.6339737;41.84207749;
BELMONT CRAGIN;AUSTIN;1015;-87.76550184;41.92726074;-87.76311182;41.8941013;
BELMONT CRAGIN;AVONDALE;437;-87.76550184;41.92726074;-87.71121064;41.93866589;
BELMONT CRAGIN;BELMONT CRAGIN;13878;-87.76550184;41.92726074;-87.78802248;41.92764196;
BELMONT CRAGIN;BRIDGEPORT;0;-87.76550184;41.92726074;-87.64878825;41.83615066;
BELMONT CRAGIN;BRIGHTON PARK;0;-87.76550184;41.92726074;-87.69886064;41.8173668;
BELMONT CRAGIN;CHICAGO LAWN;0;-87.76550184;41.92726074;-87.69566636;41.77184916;
BELMONT CRAGIN;DUNNING;481;-87.76550184;41.92726074;-87.78151878;41.94935283;
BELMONT CRAGIN;EAST GARFIELD PARK;6;-87.76550184;41.92726074;-87.70589721;41.87891463;
BELMONT CRAGIN;GARFIELD RIDGE;0;-87.76550184;41.92726074;-87.76423968;41.79618561;
BELMONT CRAGIN;HERMOSA;1214;-87.76550184;41.92726074;-87.73474016;41.92434776;
BELMONT CRAGIN;HUMBOLDT PARK;301;-87.76550184;41.92726074;-87.72091881;41.90006985;
BELMONT CRAGIN;IRVING PARK;282;-87.76550184;41.92726074;-87.73815125;41.94987713;
BELMONT CRAGIN;JEFFERSON PARK;1;-87.76550184;41.92726074;-87.77116692;41.97882998;
BELMONT CRAGIN;KENWOOD;0;-87.76550184;41.92726074;-87.59618358;41.80891637;
BELMONT CRAGIN;LAKE VIEW;2;-87.76550184;41.92726074;-87.65599893;41.94422687;
BELMONT CRAGIN;LINCOLN PARK;10;-87.76550184;41.92726074;-87.64948972;41.92268612;
BELMONT CRAGIN;LINCOLN SQUARE;0;-87.76550184;41.92726074;-87.68751544;41.97517153;
BELMONT CRAGIN;LOGAN SQUARE;779;-87.76550184;41.92726074;-87.67997294;41.92047802;
BELMONT CRAGIN;LOOP;0;-87.76550184;41.92726074;-87.62519187;41.87886595;
BELMONT CRAGIN;LOWER WEST SIDE;0;-87.76550184;41.92726074;-87.66756823;41.85026617;
BELMONT CRAGIN;MCKINLEY PARK;0;-87.76550184;41.92726074;-87.6725027;41.82992225;
BELMONT CRAGIN;MONTCLARE;527;-87.76550184;41.92726074;-87.79761488;41.92561056;
BELMONT CRAGIN;NEAR NORTH SIDE;1;-87.76550184;41.92726074;-87.63330944;41.89960211;
BELMONT CRAGIN;NEAR SOUTH SIDE;0;-87.76550184;41.92726074;-87.62033483;41.85718427;
BELMONT CRAGIN;NEAR WEST SIDE;12;-87.76550184;41.92726074;-87.66351789;41.87400538;
BELMONT CRAGIN;NEW CITY;0;-87.76550184;41.92726074;-87.65916685;41.80901852;
BELMONT CRAGIN;NORTH CENTER;11;-87.76550184;41.92726074;-87.68383518;41.94779237;
BELMONT CRAGIN;NORTH LAWNDALE;9;-87.76550184;41.92726074;-87.71721947;41.86018959;
BELMONT CRAGIN;NORWOOD PARK;0;-87.76550184;41.92726074;-87.80453106;41.98501519;
BELMONT CRAGIN;PORTAGE PARK;1335;-87.76550184;41.92726074;-87.76339991;41.95402816;
BELMONT CRAGIN;SOUTH LAWNDALE;5;-87.76550184;41.92726074;-87.7140021;41.83908701;
BELMONT CRAGIN;UPTOWN;0;-87.76550184;41.92726074;-87.65587932;41.96581208;
BELMONT CRAGIN;WEST ENGLEWOOD;0;-87.76550184;41.92726074;-87.66659636;41.77593029;
BELMONT CRAGIN;WEST GARFIELD PARK;5;-87.76550184;41.92726074;-87.72799576;41.87705644;
BELMONT CRAGIN;WEST RIDGE;0;-87.76550184;41.92726074;-87.69501266;42.00157215;
BELMONT CRAGIN;WEST TOWN;188;-87.76550184;41.92726074;-87.67635713;41.90120673;
BELMONT CRAGIN;WOODLAWN;0;-87.76550184;41.92726074;-87.59492536;41.77887641;
BRIDGEPORT;ALBANY PARK;0;-87.64878825;41.83615066;-87.72155978;41.96806847;
BRIDGEPORT;ARCHER HEIGHTS;0;-87.64878825;41.83615066;-87.72636284;41.81087957;
BRIDGEPORT;ARMOUR SQUARE;0;-87.64878825;41.83615066;-87.6339737;41.84207749;
BRIDGEPORT;AUSTIN;0;-87.64878825;41.83615066;-87.76311182;41.8941013;
BRIDGEPORT;AVONDALE;0;-87.64878825;41.83615066;-87.71121064;41.93866589;
BRIDGEPORT;BELMONT CRAGIN;0;-87.64878825;41.83615066;-87.78802248;41.92764196;
BRIDGEPORT;BRIDGEPORT;8;-87.64878825;41.83615066;-87.64878825;41.83615066;
BRIDGEPORT;BRIGHTON PARK;0;-87.64878825;41.83615066;-87.69886064;41.8173668;
BRIDGEPORT;CHICAGO LAWN;0;-87.64878825;41.83615066;-87.69566636;41.77184916;
BRIDGEPORT;DUNNING;0;-87.64878825;41.83615066;-87.78151878;41.94935283;
BRIDGEPORT;EAST GARFIELD PARK;0;-87.64878825;41.83615066;-87.70589721;41.87891463;
BRIDGEPORT;GARFIELD RIDGE;0;-87.64878825;41.83615066;-87.76423968;41.79618561;
BRIDGEPORT;HERMOSA;0;-87.64878825;41.83615066;-87.73474016;41.92434776;
BRIDGEPORT;HUMBOLDT PARK;0;-87.64878825;41.83615066;-87.72091881;41.90006985;
BRIDGEPORT;IRVING PARK;0;-87.64878825;41.83615066;-87.73815125;41.94987713;
BRIDGEPORT;JEFFERSON PARK;0;-87.64878825;41.83615066;-87.77116692;41.97882998;
BRIDGEPORT;KENWOOD;0;-87.64878825;41.83615066;-87.59618358;41.80891637;
BRIDGEPORT;LAKE VIEW;0;-87.64878825;41.83615066;-87.65599893;41.94422687;
BRIDGEPORT;LINCOLN PARK;0;-87.64878825;41.83615066;-87.64948972;41.92268612;
BRIDGEPORT;LINCOLN SQUARE;0;-87.64878825;41.83615066;-87.68751544;41.97517153;
BRIDGEPORT;LOGAN SQUARE;0;-87.64878825;41.83615066;-87.67997294;41.92047802;
BRIDGEPORT;LOOP;0;-87.64878825;41.83615066;-87.62519187;41.87886595;
BRIDGEPORT;LOWER WEST SIDE;16;-87.64878825;41.83615066;-87.66756823;41.85026617;
BRIDGEPORT;MCKINLEY PARK;0;-87.64878825;41.83615066;-87.6725027;41.82992225;
BRIDGEPORT;MONTCLARE;0;-87.64878825;41.83615066;-87.79761488;41.92561056;
BRIDGEPORT;NEAR NORTH SIDE;0;-87.64878825;41.83615066;-87.63330944;41.89960211;
BRIDGEPORT;NEAR SOUTH SIDE;0;-87.64878825;41.83615066;-87.62033483;41.85718427;
BRIDGEPORT;NEAR WEST SIDE;12;-87.64878825;41.83615066;-87.66351789;41.87400538;
BRIDGEPORT;NEW CITY;0;-87.64878825;41.83615066;-87.65916685;41.80901852;
BRIDGEPORT;NORTH CENTER;0;-87.64878825;41.83615066;-87.68383518;41.94779237;
BRIDGEPORT;NORTH LAWNDALE;0;-87.64878825;41.83615066;-87.71721947;41.86018959;
BRIDGEPORT;NORWOOD PARK;0;-87.64878825;41.83615066;-87.80453106;41.98501519;
BRIDGEPORT;PORTAGE PARK;0;-87.64878825;41.83615066;-87.76339991;41.95402816;
BRIDGEPORT;SOUTH LAWNDALE;0;-87.64878825;41.83615066;-87.7140021;41.83908701;
BRIDGEPORT;UPTOWN;0;-87.64878825;41.83615066;-87.65587932;41.96581208;
BRIDGEPORT;WEST ENGLEWOOD;0;-87.64878825;41.83615066;-87.66659636;41.77593029;
BRIDGEPORT;WEST GARFIELD PARK;0;-87.64878825;41.83615066;-87.72799576;41.87705644;
BRIDGEPORT;WEST RIDGE;0;-87.64878825;41.83615066;-87.69501266;42.00157215;
BRIDGEPORT;WEST TOWN;2;-87.64878825;41.83615066;-87.67635713;41.90120673;
BRIDGEPORT;WOODLAWN;0;-87.64878825;41.83615066;-87.59492536;41.77887641;
BRIGHTON PARK;ALBANY PARK;0;-87.69886064;41.8173668;-87.72155978;41.96806847;
BRIGHTON PARK;ARCHER HEIGHTS;0;-87.69886064;41.8173668;-87.72636284;41.81087957;
BRIGHTON PARK;ARMOUR SQUARE;0;-87.69886064;41.8173668;-87.6339737;41.84207749;
BRIGHTON PARK;AUSTIN;0;-87.69886064;41.8173668;-87.76311182;41.8941013;
BRIGHTON PARK;AVONDALE;0;-87.69886064;41.8173668;-87.71121064;41.93866589;
BRIGHTON PARK;BELMONT CRAGIN;0;-87.69886064;41.8173668;-87.78802248;41.92764196;
BRIGHTON PARK;BRIDGEPORT;0;-87.69886064;41.8173668;-87.64878825;41.83615066;
BRIGHTON PARK;BRIGHTON PARK;0;-87.69886064;41.8173668;-87.69886064;41.8173668;
BRIGHTON PARK;CHICAGO LAWN;0;-87.69886064;41.8173668;-87.69566636;41.77184916;
BRIGHTON PARK;DUNNING;0;-87.69886064;41.8173668;-87.78151878;41.94935283;
BRIGHTON PARK;EAST GARFIELD PARK;0;-87.69886064;41.8173668;-87.70589721;41.87891463;
BRIGHTON PARK;GARFIELD RIDGE;0;-87.69886064;41.8173668;-87.76423968;41.79618561;
BRIGHTON PARK;HERMOSA;0;-87.69886064;41.8173668;-87.73474016;41.92434776;
BRIGHTON PARK;HUMBOLDT PARK;0;-87.69886064;41.8173668;-87.72091881;41.90006985;
BRIGHTON PARK;IRVING PARK;0;-87.69886064;41.8173668;-87.73815125;41.94987713;
BRIGHTON PARK;JEFFERSON PARK;0;-87.69886064;41.8173668;-87.77116692;41.97882998;
BRIGHTON PARK;KENWOOD;0;-87.69886064;41.8173668;-87.59618358;41.80891637;
BRIGHTON PARK;LAKE VIEW;0;-87.69886064;41.8173668;-87.65599893;41.94422687;
BRIGHTON PARK;LINCOLN PARK;0;-87.69886064;41.8173668;-87.64948972;41.92268612;
BRIGHTON PARK;LINCOLN SQUARE;0;-87.69886064;41.8173668;-87.68751544;41.97517153;
BRIGHTON PARK;LOGAN SQUARE;0;-87.69886064;41.8173668;-87.67997294;41.92047802;
BRIGHTON PARK;LOOP;0;-87.69886064;41.8173668;-87.62519187;41.87886595;
BRIGHTON PARK;LOWER WEST SIDE;0;-87.69886064;41.8173668;-87.66756823;41.85026617;
BRIGHTON PARK;MCKINLEY PARK;0;-87.69886064;41.8173668;-87.6725027;41.82992225;
BRIGHTON PARK;MONTCLARE;0;-87.69886064;41.8173668;-87.79761488;41.92561056;
BRIGHTON PARK;NEAR NORTH SIDE;0;-87.69886064;41.8173668;-87.63330944;41.89960211;
BRIGHTON PARK;NEAR SOUTH SIDE;0;-87.69886064;41.8173668;-87.62033483;41.85718427;
BRIGHTON PARK;NEAR WEST SIDE;0;-87.69886064;41.8173668;-87.66351789;41.87400538;
BRIGHTON PARK;NEW CITY;0;-87.69886064;41.8173668;-87.65916685;41.80901852;
BRIGHTON PARK;NORTH CENTER;0;-87.69886064;41.8173668;-87.68383518;41.94779237;
BRIGHTON PARK;NORTH LAWNDALE;0;-87.69886064;41.8173668;-87.71721947;41.86018959;
BRIGHTON PARK;NORWOOD PARK;0;-87.69886064;41.8173668;-87.80453106;41.98501519;
BRIGHTON PARK;PORTAGE PARK;0;-87.69886064;41.8173668;-87.76339991;41.95402816;
BRIGHTON PARK;SOUTH LAWNDALE;1;-87.69886064;41.8173668;-87.7140021;41.83908701;
BRIGHTON PARK;UPTOWN;0;-87.69886064;41.8173668;-87.65587932;41.96581208;
BRIGHTON PARK;WEST ENGLEWOOD;0;-87.69886064;41.8173668;-87.66659636;41.77593029;
BRIGHTON PARK;WEST GARFIELD PARK;0;-87.69886064;41.8173668;-87.72799576;41.87705644;
BRIGHTON PARK;WEST RIDGE;0;-87.69886064;41.8173668;-87.69501266;42.00157215;
BRIGHTON PARK;WEST TOWN;0;-87.69886064;41.8173668;-87.67635713;41.90120673;
BRIGHTON PARK;WOODLAWN;0;-87.69886064;41.8173668;-87.59492536;41.77887641;
DUNNING;ALBANY PARK;1;-87.78151878;41.94935283;-87.72155978;41.96806847;
DUNNING;ARCHER HEIGHTS;0;-87.78151878;41.94935283;-87.72636284;41.81087957;
DUNNING;ARMOUR SQUARE;0;-87.78151878;41.94935283;-87.6339737;41.84207749;
DUNNING;AUSTIN;23;-87.78151878;41.94935283;-87.76311182;41.8941013;
DUNNING;AVONDALE;16;-87.78151878;41.94935283;-87.71121064;41.93866589;
DUNNING;BELMONT CRAGIN;216;-87.78151878;41.94935283;-87.78802248;41.92764196;
DUNNING;BRIDGEPORT;0;-87.78151878;41.94935283;-87.64878825;41.83615066;
DUNNING;BRIGHTON PARK;0;-87.78151878;41.94935283;-87.69886064;41.8173668;
DUNNING;CHICAGO LAWN;0;-87.78151878;41.94935283;-87.69566636;41.77184916;
DUNNING;DUNNING;1089;-87.78151878;41.94935283;-87.78151878;41.94935283;
DUNNING;EAST GARFIELD PARK;0;-87.78151878;41.94935283;-87.70589721;41.87891463;
DUNNING;GARFIELD RIDGE;0;-87.78151878;41.94935283;-87.76423968;41.79618561;
DUNNING;HERMOSA;19;-87.78151878;41.94935283;-87.73474016;41.92434776;
DUNNING;HUMBOLDT PARK;3;-87.78151878;41.94935283;-87.72091881;41.90006985;
DUNNING;IRVING PARK;29;-87.78151878;41.94935283;-87.73815125;41.94987713;
DUNNING;JEFFERSON PARK;0;-87.78151878;41.94935283;-87.77116692;41.97882998;
DUNNING;KENWOOD;0;-87.78151878;41.94935283;-87.59618358;41.80891637;
DUNNING;LAKE VIEW;0;-87.78151878;41.94935283;-87.65599893;41.94422687;
DUNNING;LINCOLN PARK;0;-87.78151878;41.94935283;-87.64948972;41.92268612;
DUNNING;LINCOLN SQUARE;0;-87.78151878;41.94935283;-87.68751544;41.97517153;
DUNNING;LOGAN SQUARE;22;-87.78151878;41.94935283;-87.67997294;41.92047802;
DUNNING;LOOP;0;-87.78151878;41.94935283;-87.62519187;41.87886595;
DUNNING;LOWER WEST SIDE;1;-87.78151878;41.94935283;-87.66756823;41.85026617;
DUNNING;MCKINLEY PARK;0;-87.78151878;41.94935283;-87.6725027;41.82992225;
DUNNING;MONTCLARE;99;-87.78151878;41.94935283;-87.79761488;41.92561056;
DUNNING;NEAR NORTH SIDE;0;-87.78151878;41.94935283;-87.63330944;41.89960211;
DUNNING;NEAR SOUTH SIDE;0;-87.78151878;41.94935283;-87.62033483;41.85718427;
DUNNING;NEAR WEST SIDE;3;-87.78151878;41.94935283;-87.66351789;41.87400538;
DUNNING;NEW CITY;0;-87.78151878;41.94935283;-87.65916685;41.80901852;
DUNNING;NORTH CENTER;2;-87.78151878;41.94935283;-87.68383518;41.94779237;
DUNNING;NORTH LAWNDALE;0;-87.78151878;41.94935283;-87.71721947;41.86018959;
DUNNING;NORWOOD PARK;0;-87.78151878;41.94935283;-87.80453106;41.98501519;
DUNNING;PORTAGE PARK;213;-87.78151878;41.94935283;-87.76339991;41.95402816;
DUNNING;SOUTH LAWNDALE;0;-87.78151878;41.94935283;-87.7140021;41.83908701;
DUNNING;UPTOWN;0;-87.78151878;41.94935283;-87.65587932;41.96581208;
DUNNING;WEST ENGLEWOOD;0;-87.78151878;41.94935283;-87.66659636;41.77593029;
DUNNING;WEST GARFIELD PARK;0;-87.78151878;41.94935283;-87.72799576;41.87705644;
DUNNING;WEST RIDGE;0;-87.78151878;41.94935283;-87.69501266;42.00157215;
DUNNING;WEST TOWN;9;-87.78151878;41.94935283;-87.67635713;41.90120673;
DUNNING;WOODLAWN;0;-87.78151878;41.94935283;-87.59492536;41.77887641;
EAST GARFIELD PARK;ALBANY PARK;1;-87.71386248;41.88504484;-87.72155978;41.96806847;
EAST GARFIELD PARK;ARCHER HEIGHTS;1;-87.71386248;41.88504484;-87.72636284;41.81087957;
EAST GARFIELD PARK;ARMOUR SQUARE;0;-87.71386248;41.88504484;-87.6339737;41.84207749;
EAST GARFIELD PARK;AUSTIN;232;-87.71386248;41.88504484;-87.76311182;41.8941013;
EAST GARFIELD PARK;AVONDALE;15;-87.71386248;41.88504484;-87.71121064;41.93866589;
EAST GARFIELD PARK;BELMONT CRAGIN;10;-87.71386248;41.88504484;-87.78802248;41.92764196;
EAST GARFIELD PARK;BRIDGEPORT;0;-87.71386248;41.88504484;-87.64878825;41.83615066;
EAST GARFIELD PARK;BRIGHTON PARK;1;-87.71386248;41.88504484;-87.69886064;41.8173668;
EAST GARFIELD PARK;CHICAGO LAWN;0;-87.71386248;41.88504484;-87.69566636;41.77184916;
EAST GARFIELD PARK;DUNNING;0;-87.71386248;41.88504484;-87.78151878;41.94935283;
EAST GARFIELD PARK;EAST GARFIELD PARK;3942;-87.71386248;41.88504484;-87.70589721;41.87891463;
EAST GARFIELD PARK;GARFIELD RIDGE;0;-87.71386248;41.88504484;-87.76423968;41.79618561;
EAST GARFIELD PARK;HERMOSA;4;-87.71386248;41.88504484;-87.73474016;41.92434776;
EAST GARFIELD PARK;HUMBOLDT PARK;1169;-87.71386248;41.88504484;-87.72091881;41.90006985;
EAST GARFIELD PARK;IRVING PARK;6;-87.71386248;41.88504484;-87.73815125;41.94987713;
EAST GARFIELD PARK;JEFFERSON PARK;0;-87.71386248;41.88504484;-87.77116692;41.97882998;
EAST GARFIELD PARK;KENWOOD;0;-87.71386248;41.88504484;-87.59618358;41.80891637;
EAST GARFIELD PARK;LAKE VIEW;0;-87.71386248;41.88504484;-87.65599893;41.94422687;
EAST GARFIELD PARK;LINCOLN PARK;0;-87.71386248;41.88504484;-87.64948972;41.92268612;
EAST GARFIELD PARK;LINCOLN SQUARE;0;-87.71386248;41.88504484;-87.68751544;41.97517153;
EAST GARFIELD PARK;LOGAN SQUARE;108;-87.71386248;41.88504484;-87.67997294;41.92047802;
EAST GARFIELD PARK;LOOP;1;-87.71386248;41.88504484;-87.62519187;41.87886595;
EAST GARFIELD PARK;LOWER WEST SIDE;27;-87.71386248;41.88504484;-87.66756823;41.85026617;
EAST GARFIELD PARK;MCKINLEY PARK;2;-87.71386248;41.88504484;-87.6725027;41.82992225;
EAST GARFIELD PARK;MONTCLARE;0;-87.71386248;41.88504484;-87.79761488;41.92561056;
EAST GARFIELD PARK;NEAR NORTH SIDE;2;-87.71386248;41.88504484;-87.63330944;41.89960211;
EAST GARFIELD PARK;NEAR SOUTH SIDE;0;-87.71386248;41.88504484;-87.62033483;41.85718427;
EAST GARFIELD PARK;NEAR WEST SIDE;619;-87.71386248;41.88504484;-87.66351789;41.87400538;
EAST GARFIELD PARK;NEW CITY;0;-87.71386248;41.88504484;-87.65916685;41.80901852;
EAST GARFIELD PARK;NORTH CENTER;3;-87.71386248;41.88504484;-87.68383518;41.94779237;
EAST GARFIELD PARK;NORTH LAWNDALE;392;-87.71386248;41.88504484;-87.71721947;41.86018959;
EAST GARFIELD PARK;NORWOOD PARK;0;-87.71386248;41.88504484;-87.80453106;41.98501519;
EAST GARFIELD PARK;PORTAGE PARK;2;-87.71386248;41.88504484;-87.76339991;41.95402816;
EAST GARFIELD PARK;SOUTH LAWNDALE;46;-87.71386248;41.88504484;-87.7140021;41.83908701;
EAST GARFIELD PARK;UPTOWN;0;-87.71386248;41.88504484;-87.65587932;41.96581208;
EAST GARFIELD PARK;WEST ENGLEWOOD;0;-87.71386248;41.88504484;-87.66659636;41.77593029;
EAST GARFIELD PARK;WEST GARFIELD PARK;502;-87.71386248;41.88504484;-87.72799576;41.87705644;
EAST GARFIELD PARK;WEST RIDGE;0;-87.71386248;41.88504484;-87.69501266;42.00157215;
EAST GARFIELD PARK;WEST TOWN;372;-87.71386248;41.88504484;-87.67635713;41.90120673;
EAST GARFIELD PARK;WOODLAWN;0;-87.71386248;41.88504484;-87.59492536;41.77887641;
GAGE PARK;ALBANY PARK;0;-87.69643521;41.79543063;-87.72155978;41.96806847;
GAGE PARK;ARCHER HEIGHTS;0;-87.69643521;41.79543063;-87.72636284;41.81087957;
GAGE PARK;ARMOUR SQUARE;0;-87.69643521;41.79543063;-87.6339737;41.84207749;
GAGE PARK;AUSTIN;0;-87.69643521;41.79543063;-87.76311182;41.8941013;
GAGE PARK;AVONDALE;0;-87.69643521;41.79543063;-87.71121064;41.93866589;
GAGE PARK;BELMONT CRAGIN;0;-87.69643521;41.79543063;-87.78802248;41.92764196;
GAGE PARK;BRIDGEPORT;0;-87.69643521;41.79543063;-87.64878825;41.83615066;
GAGE PARK;BRIGHTON PARK;0;-87.69643521;41.79543063;-87.69886064;41.8173668;
GAGE PARK;CHICAGO LAWN;0;-87.69643521;41.79543063;-87.69566636;41.77184916;
GAGE PARK;DUNNING;0;-87.69643521;41.79543063;-87.78151878;41.94935283;
GAGE PARK;EAST GARFIELD PARK;0;-87.69643521;41.79543063;-87.70589721;41.87891463;
GAGE PARK;GARFIELD RIDGE;0;-87.69643521;41.79543063;-87.76423968;41.79618561;
GAGE PARK;HERMOSA;0;-87.69643521;41.79543063;-87.73474016;41.92434776;
GAGE PARK;HUMBOLDT PARK;0;-87.69643521;41.79543063;-87.72091881;41.90006985;
GAGE PARK;IRVING PARK;0;-87.69643521;41.79543063;-87.73815125;41.94987713;
GAGE PARK;JEFFERSON PARK;0;-87.69643521;41.79543063;-87.77116692;41.97882998;
GAGE PARK;KENWOOD;0;-87.69643521;41.79543063;-87.59618358;41.80891637;
GAGE PARK;LAKE VIEW;0;-87.69643521;41.79543063;-87.65599893;41.94422687;
GAGE PARK;LINCOLN PARK;0;-87.69643521;41.79543063;-87.64948972;41.92268612;
GAGE PARK;LINCOLN SQUARE;0;-87.69643521;41.79543063;-87.68751544;41.97517153;
GAGE PARK;LOGAN SQUARE;0;-87.69643521;41.79543063;-87.67997294;41.92047802;
GAGE PARK;LOOP;0;-87.69643521;41.79543063;-87.62519187;41.87886595;
GAGE PARK;LOWER WEST SIDE;1;-87.69643521;41.79543063;-87.66756823;41.85026617;
GAGE PARK;MCKINLEY PARK;0;-87.69643521;41.79543063;-87.6725027;41.82992225;
GAGE PARK;MONTCLARE;0;-87.69643521;41.79543063;-87.79761488;41.92561056;
GAGE PARK;NEAR NORTH SIDE;0;-87.69643521;41.79543063;-87.63330944;41.89960211;
GAGE PARK;NEAR SOUTH SIDE;0;-87.69643521;41.79543063;-87.62033483;41.85718427;
GAGE PARK;NEAR WEST SIDE;0;-87.69643521;41.79543063;-87.66351789;41.87400538;
GAGE PARK;NEW CITY;0;-87.69643521;41.79543063;-87.65916685;41.80901852;
GAGE PARK;NORTH CENTER;0;-87.69643521;41.79543063;-87.68383518;41.94779237;
GAGE PARK;NORTH LAWNDALE;0;-87.69643521;41.79543063;-87.71721947;41.86018959;
GAGE PARK;NORWOOD PARK;0;-87.69643521;41.79543063;-87.80453106;41.98501519;
GAGE PARK;PORTAGE PARK;0;-87.69643521;41.79543063;-87.76339991;41.95402816;
GAGE PARK;SOUTH LAWNDALE;0;-87.69643521;41.79543063;-87.7140021;41.83908701;
GAGE PARK;UPTOWN;0;-87.69643521;41.79543063;-87.65587932;41.96581208;
GAGE PARK;WEST ENGLEWOOD;0;-87.69643521;41.79543063;-87.66659636;41.77593029;
GAGE PARK;WEST GARFIELD PARK;0;-87.69643521;41.79543063;-87.72799576;41.87705644;
GAGE PARK;WEST RIDGE;0;-87.69643521;41.79543063;-87.69501266;42.00157215;
GAGE PARK;WEST TOWN;0;-87.69643521;41.79543063;-87.67635713;41.90120673;
GAGE PARK;WOODLAWN;0;-87.69643521;41.79543063;-87.59492536;41.77887641;
HERMOSA;ALBANY PARK;1;-87.73474016;41.92434776;-87.72155978;41.96806847;
HERMOSA;ARCHER HEIGHTS;0;-87.73474016;41.92434776;-87.72636284;41.81087957;
HERMOSA;ARMOUR SQUARE;0;-87.73474016;41.92434776;-87.6339737;41.84207749;
HERMOSA;AUSTIN;187;-87.73474016;41.92434776;-87.76311182;41.8941013;
HERMOSA;AVONDALE;617;-87.73474016;41.92434776;-87.71121064;41.93866589;
HERMOSA;BELMONT CRAGIN;1448;-87.73474016;41.92434776;-87.78802248;41.92764196;
HERMOSA;BRIDGEPORT;0;-87.73474016;41.92434776;-87.64878825;41.83615066;
HERMOSA;BRIGHTON PARK;0;-87.73474016;41.92434776;-87.69886064;41.8173668;
HERMOSA;CHICAGO LAWN;0;-87.73474016;41.92434776;-87.69566636;41.77184916;
HERMOSA;DUNNING;40;-87.73474016;41.92434776;-87.78151878;41.94935283;
HERMOSA;EAST GARFIELD PARK;11;-87.73474016;41.92434776;-87.70589721;41.87891463;
HERMOSA;GARFIELD RIDGE;0;-87.73474016;41.92434776;-87.76423968;41.79618561;
HERMOSA;HERMOSA;5251;-87.73474016;41.92434776;-87.73474016;41.92434776;
HERMOSA;HUMBOLDT PARK;830;-87.73474016;41.92434776;-87.72091881;41.90006985;
HERMOSA;IRVING PARK;304;-87.73474016;41.92434776;-87.73815125;41.94987713;
HERMOSA;JEFFERSON PARK;2;-87.73474016;41.92434776;-87.77116692;41.97882998;
HERMOSA;KENWOOD;0;-87.73474016;41.92434776;-87.59618358;41.80891637;
HERMOSA;LAKE VIEW;0;-87.73474016;41.92434776;-87.65599893;41.94422687;
HERMOSA;LINCOLN PARK;10;-87.73474016;41.92434776;-87.64948972;41.92268612;
HERMOSA;LINCOLN SQUARE;0;-87.73474016;41.92434776;-87.68751544;41.97517153;
HERMOSA;LOGAN SQUARE;2167;-87.73474016;41.92434776;-87.67997294;41.92047802;
HERMOSA;LOOP;0;-87.73474016;41.92434776;-87.62519187;41.87886595;
HERMOSA;LOWER WEST SIDE;2;-87.73474016;41.92434776;-87.66756823;41.85026617;
HERMOSA;MCKINLEY PARK;0;-87.73474016;41.92434776;-87.6725027;41.82992225;
HERMOSA;MONTCLARE;25;-87.73474016;41.92434776;-87.79761488;41.92561056;
HERMOSA;NEAR NORTH SIDE;0;-87.73474016;41.92434776;-87.63330944;41.89960211;
HERMOSA;NEAR SOUTH SIDE;0;-87.73474016;41.92434776;-87.62033483;41.85718427;
HERMOSA;NEAR WEST SIDE;11;-87.73474016;41.92434776;-87.66351789;41.87400538;
HERMOSA;NEW CITY;0;-87.73474016;41.92434776;-87.65916685;41.80901852;
HERMOSA;NORTH CENTER;7;-87.73474016;41.92434776;-87.68383518;41.94779237;
HERMOSA;NORTH LAWNDALE;2;-87.73474016;41.92434776;-87.71721947;41.86018959;
HERMOSA;NORWOOD PARK;0;-87.73474016;41.92434776;-87.80453106;41.98501519;
HERMOSA;PORTAGE PARK;207;-87.73474016;41.92434776;-87.76339991;41.95402816;
HERMOSA;SOUTH LAWNDALE;3;-87.73474016;41.92434776;-87.7140021;41.83908701;
HERMOSA;UPTOWN;0;-87.73474016;41.92434776;-87.65587932;41.96581208;
HERMOSA;WEST ENGLEWOOD;0;-87.73474016;41.92434776;-87.66659636;41.77593029;
HERMOSA;WEST GARFIELD PARK;17;-87.73474016;41.92434776;-87.72799576;41.87705644;
HERMOSA;WEST RIDGE;0;-87.73474016;41.92434776;-87.69501266;42.00157215;
HERMOSA;WEST TOWN;316;-87.73474016;41.92434776;-87.67635713;41.90120673;
HERMOSA;WOODLAWN;0;-87.73474016;41.92434776;-87.59492536;41.77887641;
HUMBOLDT PARK;ALBANY PARK;1;-87.71009495;41.91188212;-87.72155978;41.96806847;
HUMBOLDT PARK;ARCHER HEIGHTS;0;-87.71009495;41.91188212;-87.72636284;41.81087957;
HUMBOLDT PARK;ARMOUR SQUARE;0;-87.71009495;41.91188212;-87.6339737;41.84207749;
HUMBOLDT PARK;AUSTIN;549;-87.71009495;41.91188212;-87.76311182;41.8941013;
HUMBOLDT PARK;AVONDALE;111;-87.71009495;41.91188212;-87.71121064;41.93866589;
HUMBOLDT PARK;BELMONT CRAGIN;208;-87.71009495;41.91188212;-87.78802248;41.92764196;
HUMBOLDT PARK;BRIDGEPORT;0;-87.71009495;41.91188212;-87.64878825;41.83615066;
HUMBOLDT PARK;BRIGHTON PARK;0;-87.71009495;41.91188212;-87.69886064;41.8173668;
HUMBOLDT PARK;CHICAGO LAWN;0;-87.71009495;41.91188212;-87.69566636;41.77184916;
HUMBOLDT PARK;DUNNING;4;-87.71009495;41.91188212;-87.78151878;41.94935283;
HUMBOLDT PARK;EAST GARFIELD PARK;512;-87.71009495;41.91188212;-87.70589721;41.87891463;
HUMBOLDT PARK;GARFIELD RIDGE;0;-87.71009495;41.91188212;-87.76423968;41.79618561;
HUMBOLDT PARK;HERMOSA;417;-87.71009495;41.91188212;-87.73474016;41.92434776;
HUMBOLDT PARK;HUMBOLDT PARK;6771;-87.71009495;41.91188212;-87.72091881;41.90006985;
HUMBOLDT PARK;IRVING PARK;68;-87.71009495;41.91188212;-87.73815125;41.94987713;
HUMBOLDT PARK;JEFFERSON PARK;0;-87.71009495;41.91188212;-87.77116692;41.97882998;
HUMBOLDT PARK;KENWOOD;0;-87.71009495;41.91188212;-87.59618358;41.80891637;
HUMBOLDT PARK;LAKE VIEW;1;-87.71009495;41.91188212;-87.65599893;41.94422687;
HUMBOLDT PARK;LINCOLN PARK;6;-87.71009495;41.91188212;-87.64948972;41.92268612;
HUMBOLDT PARK;LINCOLN SQUARE;0;-87.71009495;41.91188212;-87.68751544;41.97517153;
HUMBOLDT PARK;LOGAN SQUARE;1192;-87.71009495;41.91188212;-87.67997294;41.92047802;
HUMBOLDT PARK;LOOP;0;-87.71009495;41.91188212;-87.62519187;41.87886595;
HUMBOLDT PARK;LOWER WEST SIDE;4;-87.71009495;41.91188212;-87.66756823;41.85026617;
HUMBOLDT PARK;MCKINLEY PARK;0;-87.71009495;41.91188212;-87.6725027;41.82992225;
HUMBOLDT PARK;MONTCLARE;4;-87.71009495;41.91188212;-87.79761488;41.92561056;
HUMBOLDT PARK;NEAR NORTH SIDE;14;-87.71009495;41.91188212;-87.63330944;41.89960211;
HUMBOLDT PARK;NEAR SOUTH SIDE;0;-87.71009495;41.91188212;-87.62033483;41.85718427;
HUMBOLDT PARK;NEAR WEST SIDE;130;-87.71009495;41.91188212;-87.66351789;41.87400538;
HUMBOLDT PARK;NEW CITY;0;-87.71009495;41.91188212;-87.65916685;41.80901852;
HUMBOLDT PARK;NORTH CENTER;2;-87.71009495;41.91188212;-87.68383518;41.94779237;
HUMBOLDT PARK;NORTH LAWNDALE;60;-87.71009495;41.91188212;-87.71721947;41.86018959;
HUMBOLDT PARK;NORWOOD PARK;0;-87.71009495;41.91188212;-87.80453106;41.98501519;
HUMBOLDT PARK;PORTAGE PARK;35;-87.71009495;41.91188212;-87.76339991;41.95402816;
HUMBOLDT PARK;SOUTH LAWNDALE;11;-87.71009495;41.91188212;-87.7140021;41.83908701;
HUMBOLDT PARK;UPTOWN;1;-87.71009495;41.91188212;-87.65587932;41.96581208;
HUMBOLDT PARK;WEST ENGLEWOOD;0;-87.71009495;41.91188212;-87.66659636;41.77593029;
HUMBOLDT PARK;WEST GARFIELD PARK;250;-87.71009495;41.91188212;-87.72799576;41.87705644;
HUMBOLDT PARK;WEST RIDGE;0;-87.71009495;41.91188212;-87.69501266;42.00157215;
HUMBOLDT PARK;WEST TOWN;1543;-87.71009495;41.91188212;-87.67635713;41.90120673;
HUMBOLDT PARK;WOODLAWN;0;-87.71009495;41.91188212;-87.59492536;41.77887641;
IRVING PARK;ALBANY PARK;2;-87.73068293;41.9499767;-87.72155978;41.96806847;
IRVING PARK;ARCHER HEIGHTS;0;-87.73068293;41.9499767;-87.72636284;41.81087957;
IRVING PARK;ARMOUR SQUARE;0;-87.73068293;41.9499767;-87.6339737;41.84207749;
IRVING PARK;AUSTIN;14;-87.73068293;41.9499767;-87.76311182;41.8941013;
IRVING PARK;AVONDALE;1141;-87.73068293;41.9499767;-87.71121064;41.93866589;
IRVING PARK;BELMONT CRAGIN;211;-87.73068293;41.9499767;-87.78802248;41.92764196;
IRVING PARK;BRIDGEPORT;0;-87.73068293;41.9499767;-87.64878825;41.83615066;
IRVING PARK;BRIGHTON PARK;0;-87.73068293;41.9499767;-87.69886064;41.8173668;
IRVING PARK;CHICAGO LAWN;0;-87.73068293;41.9499767;-87.69566636;41.77184916;
IRVING PARK;DUNNING;97;-87.73068293;41.9499767;-87.78151878;41.94935283;
IRVING PARK;EAST GARFIELD PARK;1;-87.73068293;41.9499767;-87.70589721;41.87891463;
IRVING PARK;GARFIELD RIDGE;0;-87.73068293;41.9499767;-87.76423968;41.79618561;
IRVING PARK;HERMOSA;176;-87.73068293;41.9499767;-87.73474016;41.92434776;
IRVING PARK;HUMBOLDT PARK;69;-87.73068293;41.9499767;-87.72091881;41.90006985;
IRVING PARK;IRVING PARK;4491;-87.73068293;41.9499767;-87.73815125;41.94987713;
IRVING PARK;JEFFERSON PARK;1;-87.73068293;41.9499767;-87.77116692;41.97882998;
IRVING PARK;KENWOOD;0;-87.73068293;41.9499767;-87.59618358;41.80891637;
IRVING PARK;LAKE VIEW;1;-87.73068293;41.9499767;-87.65599893;41.94422687;
IRVING PARK;LINCOLN PARK;4;-87.73068293;41.9499767;-87.64948972;41.92268612;
IRVING PARK;LINCOLN SQUARE;1;-87.73068293;41.9499767;-87.68751544;41.97517153;
IRVING PARK;LOGAN SQUARE;660;-87.73068293;41.9499767;-87.67997294;41.92047802;
IRVING PARK;LOOP;0;-87.73068293;41.9499767;-87.62519187;41.87886595;
IRVING PARK;LOWER WEST SIDE;0;-87.73068293;41.9499767;-87.66756823;41.85026617;
IRVING PARK;MCKINLEY PARK;0;-87.73068293;41.9499767;-87.6725027;41.82992225;
IRVING PARK;MONTCLARE;6;-87.73068293;41.9499767;-87.79761488;41.92561056;
IRVING PARK;NEAR NORTH SIDE;0;-87.73068293;41.9499767;-87.63330944;41.89960211;
IRVING PARK;NEAR SOUTH SIDE;0;-87.73068293;41.9499767;-87.62033483;41.85718427;
IRVING PARK;NEAR WEST SIDE;16;-87.73068293;41.9499767;-87.66351789;41.87400538;
IRVING PARK;NEW CITY;0;-87.73068293;41.9499767;-87.65916685;41.80901852;
IRVING PARK;NORTH CENTER;77;-87.73068293;41.9499767;-87.68383518;41.94779237;
IRVING PARK;NORTH LAWNDALE;4;-87.73068293;41.9499767;-87.71721947;41.86018959;
IRVING PARK;NORWOOD PARK;0;-87.73068293;41.9499767;-87.80453106;41.98501519;
IRVING PARK;PORTAGE PARK;853;-87.73068293;41.9499767;-87.76339991;41.95402816;
IRVING PARK;SOUTH LAWNDALE;1;-87.73068293;41.9499767;-87.7140021;41.83908701;
IRVING PARK;UPTOWN;0;-87.73068293;41.9499767;-87.65587932;41.96581208;
IRVING PARK;WEST ENGLEWOOD;0;-87.73068293;41.9499767;-87.66659636;41.77593029;
IRVING PARK;WEST GARFIELD PARK;8;-87.73068293;41.9499767;-87.72799576;41.87705644;
IRVING PARK;WEST RIDGE;1;-87.73068293;41.9499767;-87.69501266;42.00157215;
IRVING PARK;WEST TOWN;156;-87.73068293;41.9499767;-87.67635713;41.90120673;
IRVING PARK;WOODLAWN;0;-87.73068293;41.9499767;-87.59492536;41.77887641;
LINCOLN PARK;ALBANY PARK;0;-87.64948972;41.92268612;-87.72155978;41.96806847;
LINCOLN PARK;ARCHER HEIGHTS;0;-87.64948972;41.92268612;-87.72636284;41.81087957;
LINCOLN PARK;ARMOUR SQUARE;0;-87.64948972;41.92268612;-87.6339737;41.84207749;
LINCOLN PARK;AUSTIN;0;-87.64948972;41.92268612;-87.76311182;41.8941013;
LINCOLN PARK;AVONDALE;4;-87.64948972;41.92268612;-87.71121064;41.93866589;
LINCOLN PARK;BELMONT CRAGIN;0;-87.64948972;41.92268612;-87.78802248;41.92764196;
LINCOLN PARK;BRIDGEPORT;0;-87.64948972;41.92268612;-87.64878825;41.83615066;
LINCOLN PARK;BRIGHTON PARK;0;-87.64948972;41.92268612;-87.69886064;41.8173668;
LINCOLN PARK;CHICAGO LAWN;0;-87.64948972;41.92268612;-87.69566636;41.77184916;
LINCOLN PARK;DUNNING;0;-87.64948972;41.92268612;-87.78151878;41.94935283;
LINCOLN PARK;EAST GARFIELD PARK;0;-87.64948972;41.92268612;-87.70589721;41.87891463;
LINCOLN PARK;GARFIELD RIDGE;0;-87.64948972;41.92268612;-87.76423968;41.79618561;
LINCOLN PARK;HERMOSA;0;-87.64948972;41.92268612;-87.73474016;41.92434776;
LINCOLN PARK;HUMBOLDT PARK;0;-87.64948972;41.92268612;-87.72091881;41.90006985;
LINCOLN PARK;IRVING PARK;1;-87.64948972;41.92268612;-87.73815125;41.94987713;
LINCOLN PARK;JEFFERSON PARK;0;-87.64948972;41.92268612;-87.77116692;41.97882998;
LINCOLN PARK;KENWOOD;0;-87.64948972;41.92268612;-87.59618358;41.80891637;
LINCOLN PARK;LAKE VIEW;1;-87.64948972;41.92268612;-87.65599893;41.94422687;
LINCOLN PARK;LINCOLN PARK;25;-87.64948972;41.92268612;-87.64948972;41.92268612;
LINCOLN PARK;LINCOLN SQUARE;0;-87.64948972;41.92268612;-87.68751544;41.97517153;
LINCOLN PARK;LOGAN SQUARE;51;-87.64948972;41.92268612;-87.67997294;41.92047802;
LINCOLN PARK;LOOP;0;-87.64948972;41.92268612;-87.62519187;41.87886595;
LINCOLN PARK;LOWER WEST SIDE;2;-87.64948972;41.92268612;-87.66756823;41.85026617;
LINCOLN PARK;MCKINLEY PARK;0;-87.64948972;41.92268612;-87.6725027;41.82992225;
LINCOLN PARK;MONTCLARE;0;-87.64948972;41.92268612;-87.79761488;41.92561056;
LINCOLN PARK;NEAR NORTH SIDE;0;-87.64948972;41.92268612;-87.63330944;41.89960211;
LINCOLN PARK;NEAR SOUTH SIDE;0;-87.64948972;41.92268612;-87.62033483;41.85718427;
LINCOLN PARK;NEAR WEST SIDE;3;-87.64948972;41.92268612;-87.66351789;41.87400538;
LINCOLN PARK;NEW CITY;0;-87.64948972;41.92268612;-87.65916685;41.80901852;
LINCOLN PARK;NORTH CENTER;1;-87.64948972;41.92268612;-87.68383518;41.94779237;
LINCOLN PARK;NORTH LAWNDALE;0;-87.64948972;41.92268612;-87.71721947;41.86018959;
LINCOLN PARK;NORWOOD PARK;0;-87.64948972;41.92268612;-87.80453106;41.98501519;
LINCOLN PARK;PORTAGE PARK;0;-87.64948972;41.92268612;-87.76339991;41.95402816;
LINCOLN PARK;SOUTH LAWNDALE;0;-87.64948972;41.92268612;-87.7140021;41.83908701;
LINCOLN PARK;UPTOWN;0;-87.64948972;41.92268612;-87.65587932;41.96581208;
LINCOLN PARK;WEST ENGLEWOOD;0;-87.64948972;41.92268612;-87.66659636;41.77593029;
LINCOLN PARK;WEST GARFIELD PARK;0;-87.64948972;41.92268612;-87.72799576;41.87705644;
LINCOLN PARK;WEST RIDGE;0;-87.64948972;41.92268612;-87.69501266;42.00157215;
LINCOLN PARK;WEST TOWN;35;-87.64948972;41.92268612;-87.67635713;41.90120673;
LINCOLN PARK;WOODLAWN;0;-87.64948972;41.92268612;-87.59492536;41.77887641;
LOGAN SQUARE;ALBANY PARK;8;-87.69915595;41.92275986;-87.72155978;41.96806847;
LOGAN SQUARE;ARCHER HEIGHTS;0;-87.69915595;41.92275986;-87.72636284;41.81087957;
LOGAN SQUARE;ARMOUR SQUARE;0;-87.69915595;41.92275986;-87.6339737;41.84207749;
LOGAN SQUARE;AUSTIN;163;-87.69915595;41.92275986;-87.76311182;41.8941013;
LOGAN SQUARE;AVONDALE;6586;-87.69915595;41.92275986;-87.71121064;41.93866589;
LOGAN SQUARE;BELMONT CRAGIN;882;-87.69915595;41.92275986;-87.78802248;41.92764196;
LOGAN SQUARE;BRIDGEPORT;4;-87.69915595;41.92275986;-87.64878825;41.83615066;
LOGAN SQUARE;BRIGHTON PARK;0;-87.69915595;41.92275986;-87.69886064;41.8173668;
LOGAN SQUARE;CHICAGO LAWN;0;-87.69915595;41.92275986;-87.69566636;41.77184916;
LOGAN SQUARE;DUNNING;44;-87.69915595;41.92275986;-87.78151878;41.94935283;
LOGAN SQUARE;EAST GARFIELD PARK;77;-87.69915595;41.92275986;-87.70589721;41.87891463;
LOGAN SQUARE;GARFIELD RIDGE;0;-87.69915595;41.92275986;-87.76423968;41.79618561;
LOGAN SQUARE;HERMOSA;1603;-87.69915595;41.92275986;-87.73474016;41.92434776;
LOGAN SQUARE;HUMBOLDT PARK;1784;-87.69915595;41.92275986;-87.72091881;41.90006985;
LOGAN SQUARE;IRVING PARK;1135;-87.69915595;41.92275986;-87.73815125;41.94987713;
LOGAN SQUARE;JEFFERSON PARK;0;-87.69915595;41.92275986;-87.77116692;41.97882998;
LOGAN SQUARE;KENWOOD;0;-87.69915595;41.92275986;-87.59618358;41.80891637;
LOGAN SQUARE;LAKE VIEW;2;-87.69915595;41.92275986;-87.65599893;41.94422687;
LOGAN SQUARE;LINCOLN PARK;477;-87.69915595;41.92275986;-87.64948972;41.92268612;
LOGAN SQUARE;LINCOLN SQUARE;0;-87.69915595;41.92275986;-87.68751544;41.97517153;
LOGAN SQUARE;LOGAN SQUARE;58106;-87.69915595;41.92275986;-87.67997294;41.92047802;
LOGAN SQUARE;LOOP;3;-87.69915595;41.92275986;-87.62519187;41.87886595;
LOGAN SQUARE;LOWER WEST SIDE;60;-87.69915595;41.92275986;-87.66756823;41.85026617;
LOGAN SQUARE;MCKINLEY PARK;0;-87.69915595;41.92275986;-87.6725027;41.82992225;
LOGAN SQUARE;MONTCLARE;58;-87.69915595;41.92275986;-87.79761488;41.92561056;
LOGAN SQUARE;NEAR NORTH SIDE;51;-87.69915595;41.92275986;-87.63330944;41.89960211;
LOGAN SQUARE;NEAR SOUTH SIDE;0;-87.69915595;41.92275986;-87.62033483;41.85718427;
LOGAN SQUARE;NEAR WEST SIDE;1146;-87.69915595;41.92275986;-87.66351789;41.87400538;
LOGAN SQUARE;NEW CITY;0;-87.69915595;41.92275986;-87.65916685;41.80901852;
LOGAN SQUARE;NORTH CENTER;151;-87.69915595;41.92275986;-87.68383518;41.94779237;
LOGAN SQUARE;NORTH LAWNDALE;51;-87.69915595;41.92275986;-87.71721947;41.86018959;
LOGAN SQUARE;NORWOOD PARK;0;-87.69915595;41.92275986;-87.80453106;41.98501519;
LOGAN SQUARE;PORTAGE PARK;266;-87.69915595;41.92275986;-87.76339991;41.95402816;
LOGAN SQUARE;SOUTH LAWNDALE;23;-87.69915595;41.92275986;-87.7140021;41.83908701;
LOGAN SQUARE;UPTOWN;0;-87.69915595;41.92275986;-87.65587932;41.96581208;
LOGAN SQUARE;WEST ENGLEWOOD;0;-87.69915595;41.92275986;-87.66659636;41.77593029;
LOGAN SQUARE;WEST GARFIELD PARK;13;-87.69915595;41.92275986;-87.72799576;41.87705644;
LOGAN SQUARE;WEST RIDGE;0;-87.69915595;41.92275986;-87.69501266;42.00157215;
LOGAN SQUARE;WEST TOWN;18016;-87.69915595;41.92275986;-87.67635713;41.90120673;
LOGAN SQUARE;WOODLAWN;0;-87.69915595;41.92275986;-87.59492536;41.77887641;
LOOP;ALBANY PARK;0;-87.62519187;41.87886595;-87.72155978;41.96806847;
LOOP;ARCHER HEIGHTS;0;-87.62519187;41.87886595;-87.72636284;41.81087957;
LOOP;ARMOUR SQUARE;0;-87.62519187;41.87886595;-87.6339737;41.84207749;
LOOP;AUSTIN;0;-87.62519187;41.87886595;-87.76311182;41.8941013;
LOOP;AVONDALE;0;-87.62519187;41.87886595;-87.71121064;41.93866589;
LOOP;BELMONT CRAGIN;0;-87.62519187;41.87886595;-87.78802248;41.92764196;
LOOP;BRIDGEPORT;0;-87.62519187;41.87886595;-87.64878825;41.83615066;
LOOP;BRIGHTON PARK;0;-87.62519187;41.87886595;-87.69886064;41.8173668;
LOOP;CHICAGO LAWN;0;-87.62519187;41.87886595;-87.69566636;41.77184916;
LOOP;DUNNING;0;-87.62519187;41.87886595;-87.78151878;41.94935283;
LOOP;EAST GARFIELD PARK;0;-87.62519187;41.87886595;-87.70589721;41.87891463;
LOOP;GARFIELD RIDGE;0;-87.62519187;41.87886595;-87.76423968;41.79618561;
LOOP;HERMOSA;0;-87.62519187;41.87886595;-87.73474016;41.92434776;
LOOP;HUMBOLDT PARK;0;-87.62519187;41.87886595;-87.72091881;41.90006985;
LOOP;IRVING PARK;0;-87.62519187;41.87886595;-87.73815125;41.94987713;
LOOP;JEFFERSON PARK;0;-87.62519187;41.87886595;-87.77116692;41.97882998;
LOOP;KENWOOD;0;-87.62519187;41.87886595;-87.59618358;41.80891637;
LOOP;LAKE VIEW;0;-87.62519187;41.87886595;-87.65599893;41.94422687;
LOOP;LINCOLN PARK;0;-87.62519187;41.87886595;-87.64948972;41.92268612;
LOOP;LINCOLN SQUARE;0;-87.62519187;41.87886595;-87.68751544;41.97517153;
LOOP;LOGAN SQUARE;0;-87.62519187;41.87886595;-87.67997294;41.92047802;
LOOP;LOOP;1;-87.62519187;41.87886595;-87.62519187;41.87886595;
LOOP;LOWER WEST SIDE;0;-87.62519187;41.87886595;-87.66756823;41.85026617;
LOOP;MCKINLEY PARK;0;-87.62519187;41.87886595;-87.6725027;41.82992225;
LOOP;MONTCLARE;0;-87.62519187;41.87886595;-87.79761488;41.92561056;
LOOP;NEAR NORTH SIDE;0;-87.62519187;41.87886595;-87.63330944;41.89960211;
LOOP;NEAR SOUTH SIDE;0;-87.62519187;41.87886595;-87.62033483;41.85718427;
LOOP;NEAR WEST SIDE;3;-87.62519187;41.87886595;-87.66351789;41.87400538;
LOOP;NEW CITY;0;-87.62519187;41.87886595;-87.65916685;41.80901852;
LOOP;NORTH CENTER;0;-87.62519187;41.87886595;-87.68383518;41.94779237;
LOOP;NORTH LAWNDALE;0;-87.62519187;41.87886595;-87.71721947;41.86018959;
LOOP;NORWOOD PARK;0;-87.62519187;41.87886595;-87.80453106;41.98501519;
LOOP;PORTAGE PARK;0;-87.62519187;41.87886595;-87.76339991;41.95402816;
LOOP;SOUTH LAWNDALE;0;-87.62519187;41.87886595;-87.7140021;41.83908701;
LOOP;UPTOWN;0;-87.62519187;41.87886595;-87.65587932;41.96581208;
LOOP;WEST ENGLEWOOD;0;-87.62519187;41.87886595;-87.66659636;41.77593029;
LOOP;WEST GARFIELD PARK;0;-87.62519187;41.87886595;-87.72799576;41.87705644;
LOOP;WEST RIDGE;0;-87.62519187;41.87886595;-87.69501266;42.00157215;
LOOP;WEST TOWN;0;-87.62519187;41.87886595;-87.67635713;41.90120673;
LOOP;WOODLAWN;0;-87.62519187;41.87886595;-87.59492536;41.77887641;
LOWER WEST SIDE;ALBANY PARK;0;-87.66756823;41.85026617;-87.72155978;41.96806847;
LOWER WEST SIDE;ARCHER HEIGHTS;0;-87.66756823;41.85026617;-87.72636284;41.81087957;
LOWER WEST SIDE;ARMOUR SQUARE;5;-87.66756823;41.85026617;-87.6339737;41.84207749;
LOWER WEST SIDE;AUSTIN;6;-87.66756823;41.85026617;-87.76311182;41.8941013;
LOWER WEST SIDE;AVONDALE;2;-87.66756823;41.85026617;-87.71121064;41.93866589;
LOWER WEST SIDE;BELMONT CRAGIN;2;-87.66756823;41.85026617;-87.78802248;41.92764196;
LOWER WEST SIDE;BRIDGEPORT;53;-87.66756823;41.85026617;-87.64878825;41.83615066;
LOWER WEST SIDE;BRIGHTON PARK;0;-87.66756823;41.85026617;-87.69886064;41.8173668;
LOWER WEST SIDE;CHICAGO LAWN;0;-87.66756823;41.85026617;-87.69566636;41.77184916;
LOWER WEST SIDE;DUNNING;0;-87.66756823;41.85026617;-87.78151878;41.94935283;
LOWER WEST SIDE;EAST GARFIELD PARK;9;-87.66756823;41.85026617;-87.70589721;41.87891463;
LOWER WEST SIDE;GARFIELD RIDGE;1;-87.66756823;41.85026617;-87.76423968;41.79618561;
LOWER WEST SIDE;HERMOSA;2;-87.66756823;41.85026617;-87.73474016;41.92434776;
LOWER WEST SIDE;HUMBOLDT PARK;9;-87.66756823;41.85026617;-87.72091881;41.90006985;
LOWER WEST SIDE;IRVING PARK;1;-87.66756823;41.85026617;-87.73815125;41.94987713;
LOWER WEST SIDE;JEFFERSON PARK;0;-87.66756823;41.85026617;-87.77116692;41.97882998;
LOWER WEST SIDE;KENWOOD;1;-87.66756823;41.85026617;-87.59618358;41.80891637;
LOWER WEST SIDE;LAKE VIEW;0;-87.66756823;41.85026617;-87.65599893;41.94422687;
LOWER WEST SIDE;LINCOLN PARK;1;-87.66756823;41.85026617;-87.64948972;41.92268612;
LOWER WEST SIDE;LINCOLN SQUARE;0;-87.66756823;41.85026617;-87.68751544;41.97517153;
LOWER WEST SIDE;LOGAN SQUARE;33;-87.66756823;41.85026617;-87.67997294;41.92047802;
LOWER WEST SIDE;LOOP;8;-87.66756823;41.85026617;-87.62519187;41.87886595;
LOWER WEST SIDE;LOWER WEST SIDE;7833;-87.66756823;41.85026617;-87.66756823;41.85026617;
LOWER WEST SIDE;MCKINLEY PARK;8;-87.66756823;41.85026617;-87.6725027;41.82992225;
LOWER WEST SIDE;MONTCLARE;0;-87.66756823;41.85026617;-87.79761488;41.92561056;
LOWER WEST SIDE;NEAR NORTH SIDE;5;-87.66756823;41.85026617;-87.63330944;41.89960211;
LOWER WEST SIDE;NEAR SOUTH SIDE;5;-87.66756823;41.85026617;-87.62033483;41.85718427;
LOWER WEST SIDE;NEAR WEST SIDE;2926;-87.66756823;41.85026617;-87.66351789;41.87400538;
LOWER WEST SIDE;NEW CITY;0;-87.66756823;41.85026617;-87.65916685;41.80901852;
LOWER WEST SIDE;NORTH CENTER;1;-87.66756823;41.85026617;-87.68383518;41.94779237;
LOWER WEST SIDE;NORTH LAWNDALE;96;-87.66756823;41.85026617;-87.71721947;41.86018959;
LOWER WEST SIDE;NORWOOD PARK;0;-87.66756823;41.85026617;-87.80453106;41.98501519;
LOWER WEST SIDE;PORTAGE PARK;1;-87.66756823;41.85026617;-87.76339991;41.95402816;
LOWER WEST SIDE;SOUTH LAWNDALE;372;-87.66756823;41.85026617;-87.7140021;41.83908701;
LOWER WEST SIDE;UPTOWN;0;-87.66756823;41.85026617;-87.65587932;41.96581208;
LOWER WEST SIDE;WEST ENGLEWOOD;0;-87.66756823;41.85026617;-87.66659636;41.77593029;
LOWER WEST SIDE;WEST GARFIELD PARK;0;-87.66756823;41.85026617;-87.72799576;41.87705644;
LOWER WEST SIDE;WEST RIDGE;0;-87.66756823;41.85026617;-87.69501266;42.00157215;
LOWER WEST SIDE;WEST TOWN;334;-87.66756823;41.85026617;-87.67635713;41.90120673;
LOWER WEST SIDE;WOODLAWN;0;-87.66756823;41.85026617;-87.59492536;41.77887641;
MONTCLARE;ALBANY PARK;0;-87.79803232;41.92929769;-87.72155978;41.96806847;
MONTCLARE;ARCHER HEIGHTS;0;-87.79803232;41.92929769;-87.72636284;41.81087957;
MONTCLARE;ARMOUR SQUARE;0;-87.79803232;41.92929769;-87.6339737;41.84207749;
MONTCLARE;AUSTIN;127;-87.79803232;41.92929769;-87.76311182;41.8941013;
MONTCLARE;AVONDALE;7;-87.79803232;41.92929769;-87.71121064;41.93866589;
MONTCLARE;BELMONT CRAGIN;414;-87.79803232;41.92929769;-87.78802248;41.92764196;
MONTCLARE;BRIDGEPORT;0;-87.79803232;41.92929769;-87.64878825;41.83615066;
MONTCLARE;BRIGHTON PARK;0;-87.79803232;41.92929769;-87.69886064;41.8173668;
MONTCLARE;CHICAGO LAWN;0;-87.79803232;41.92929769;-87.69566636;41.77184916;
MONTCLARE;DUNNING;150;-87.79803232;41.92929769;-87.78151878;41.94935283;
MONTCLARE;EAST GARFIELD PARK;0;-87.79803232;41.92929769;-87.70589721;41.87891463;
MONTCLARE;GARFIELD RIDGE;0;-87.79803232;41.92929769;-87.76423968;41.79618561;
MONTCLARE;HERMOSA;19;-87.79803232;41.92929769;-87.73474016;41.92434776;
MONTCLARE;HUMBOLDT PARK;17;-87.79803232;41.92929769;-87.72091881;41.90006985;
MONTCLARE;IRVING PARK;5;-87.79803232;41.92929769;-87.73815125;41.94987713;
MONTCLARE;JEFFERSON PARK;0;-87.79803232;41.92929769;-87.77116692;41.97882998;
MONTCLARE;KENWOOD;0;-87.79803232;41.92929769;-87.59618358;41.80891637;
MONTCLARE;LAKE VIEW;0;-87.79803232;41.92929769;-87.65599893;41.94422687;
MONTCLARE;LINCOLN PARK;1;-87.79803232;41.92929769;-87.64948972;41.92268612;
MONTCLARE;LINCOLN SQUARE;0;-87.79803232;41.92929769;-87.68751544;41.97517153;
MONTCLARE;LOGAN SQUARE;13;-87.79803232;41.92929769;-87.67997294;41.92047802;
MONTCLARE;LOOP;0;-87.79803232;41.92929769;-87.62519187;41.87886595;
MONTCLARE;LOWER WEST SIDE;0;-87.79803232;41.92929769;-87.66756823;41.85026617;
MONTCLARE;MCKINLEY PARK;0;-87.79803232;41.92929769;-87.6725027;41.82992225;
MONTCLARE;MONTCLARE;1144;-87.79803232;41.92929769;-87.79761488;41.92561056;
MONTCLARE;NEAR NORTH SIDE;0;-87.79803232;41.92929769;-87.63330944;41.89960211;
MONTCLARE;NEAR SOUTH SIDE;0;-87.79803232;41.92929769;-87.62033483;41.85718427;
MONTCLARE;NEAR WEST SIDE;3;-87.79803232;41.92929769;-87.66351789;41.87400538;
MONTCLARE;NEW CITY;0;-87.79803232;41.92929769;-87.65916685;41.80901852;
MONTCLARE;NORTH CENTER;1;-87.79803232;41.92929769;-87.68383518;41.94779237;
MONTCLARE;NORTH LAWNDALE;2;-87.79803232;41.92929769;-87.71721947;41.86018959;
MONTCLARE;NORWOOD PARK;0;-87.79803232;41.92929769;-87.80453106;41.98501519;
MONTCLARE;PORTAGE PARK;34;-87.79803232;41.92929769;-87.76339991;41.95402816;
MONTCLARE;SOUTH LAWNDALE;5;-87.79803232;41.92929769;-87.7140021;41.83908701;
MONTCLARE;UPTOWN;0;-87.79803232;41.92929769;-87.65587932;41.96581208;
MONTCLARE;WEST ENGLEWOOD;0;-87.79803232;41.92929769;-87.66659636;41.77593029;
MONTCLARE;WEST GARFIELD PARK;0;-87.79803232;41.92929769;-87.72799576;41.87705644;
MONTCLARE;WEST RIDGE;0;-87.79803232;41.92929769;-87.69501266;42.00157215;
MONTCLARE;WEST TOWN;21;-87.79803232;41.92929769;-87.67635713;41.90120673;
MONTCLARE;WOODLAWN;0;-87.79803232;41.92929769;-87.59492536;41.77887641;
NEAR NORTH SIDE;ALBANY PARK;0;-87.64988573;41.90493388;-87.72155978;41.96806847;
NEAR NORTH SIDE;ARCHER HEIGHTS;0;-87.64988573;41.90493388;-87.72636284;41.81087957;
NEAR NORTH SIDE;ARMOUR SQUARE;0;-87.64988573;41.90493388;-87.6339737;41.84207749;
NEAR NORTH SIDE;AUSTIN;0;-87.64988573;41.90493388;-87.76311182;41.8941013;
NEAR NORTH SIDE;AVONDALE;0;-87.64988573;41.90493388;-87.71121064;41.93866589;
NEAR NORTH SIDE;BELMONT CRAGIN;0;-87.64988573;41.90493388;-87.78802248;41.92764196;
NEAR NORTH SIDE;BRIDGEPORT;0;-87.64988573;41.90493388;-87.64878825;41.83615066;
NEAR NORTH SIDE;BRIGHTON PARK;0;-87.64988573;41.90493388;-87.69886064;41.8173668;
NEAR NORTH SIDE;CHICAGO LAWN;0;-87.64988573;41.90493388;-87.69566636;41.77184916;
NEAR NORTH SIDE;DUNNING;0;-87.64988573;41.90493388;-87.78151878;41.94935283;
NEAR NORTH SIDE;EAST GARFIELD PARK;1;-87.64988573;41.90493388;-87.70589721;41.87891463;
NEAR NORTH SIDE;GARFIELD RIDGE;0;-87.64988573;41.90493388;-87.76423968;41.79618561;
NEAR NORTH SIDE;HERMOSA;0;-87.64988573;41.90493388;-87.73474016;41.92434776;
NEAR NORTH SIDE;HUMBOLDT PARK;0;-87.64988573;41.90493388;-87.72091881;41.90006985;
NEAR NORTH SIDE;IRVING PARK;0;-87.64988573;41.90493388;-87.73815125;41.94987713;
NEAR NORTH SIDE;JEFFERSON PARK;0;-87.64988573;41.90493388;-87.77116692;41.97882998;
NEAR NORTH SIDE;KENWOOD;0;-87.64988573;41.90493388;-87.59618358;41.80891637;
NEAR NORTH SIDE;LAKE VIEW;0;-87.64988573;41.90493388;-87.65599893;41.94422687;
NEAR NORTH SIDE;LINCOLN PARK;1;-87.64988573;41.90493388;-87.64948972;41.92268612;
NEAR NORTH SIDE;LINCOLN SQUARE;0;-87.64988573;41.90493388;-87.68751544;41.97517153;
NEAR NORTH SIDE;LOGAN SQUARE;14;-87.64988573;41.90493388;-87.67997294;41.92047802;
NEAR NORTH SIDE;LOOP;0;-87.64988573;41.90493388;-87.62519187;41.87886595;
NEAR NORTH SIDE;LOWER WEST SIDE;0;-87.64988573;41.90493388;-87.66756823;41.85026617;
NEAR NORTH SIDE;MCKINLEY PARK;0;-87.64988573;41.90493388;-87.6725027;41.82992225;
NEAR NORTH SIDE;MONTCLARE;0;-87.64988573;41.90493388;-87.79761488;41.92561056;
NEAR NORTH SIDE;NEAR NORTH SIDE;25;-87.64988573;41.90493388;-87.63330944;41.89960211;
NEAR NORTH SIDE;NEAR SOUTH SIDE;0;-87.64988573;41.90493388;-87.62033483;41.85718427;
NEAR NORTH SIDE;NEAR WEST SIDE;11;-87.64988573;41.90493388;-87.66351789;41.87400538;
NEAR NORTH SIDE;NEW CITY;0;-87.64988573;41.90493388;-87.65916685;41.80901852;
NEAR NORTH SIDE;NORTH CENTER;1;-87.64988573;41.90493388;-87.68383518;41.94779237;
NEAR NORTH SIDE;NORTH LAWNDALE;0;-87.64988573;41.90493388;-87.71721947;41.86018959;
NEAR NORTH SIDE;NORWOOD PARK;0;-87.64988573;41.90493388;-87.80453106;41.98501519;
NEAR NORTH SIDE;PORTAGE PARK;0;-87.64988573;41.90493388;-87.76339991;41.95402816;
NEAR NORTH SIDE;SOUTH LAWNDALE;1;-87.64988573;41.90493388;-87.7140021;41.83908701;
NEAR NORTH SIDE;UPTOWN;0;-87.64988573;41.90493388;-87.65587932;41.96581208;
NEAR NORTH SIDE;WEST ENGLEWOOD;0;-87.64988573;41.90493388;-87.66659636;41.77593029;
NEAR NORTH SIDE;WEST GARFIELD PARK;0;-87.64988573;41.90493388;-87.72799576;41.87705644;
NEAR NORTH SIDE;WEST RIDGE;0;-87.64988573;41.90493388;-87.69501266;42.00157215;
NEAR NORTH SIDE;WEST TOWN;87;-87.64988573;41.90493388;-87.67635713;41.90120673;
NEAR NORTH SIDE;WOODLAWN;0;-87.64988573;41.90493388;-87.59492536;41.77887641;
NEAR SOUTH SIDE;ALBANY PARK;0;-87.62033483;41.85718427;-87.72155978;41.96806847;
NEAR SOUTH SIDE;ARCHER HEIGHTS;0;-87.62033483;41.85718427;-87.72636284;41.81087957;
NEAR SOUTH SIDE;ARMOUR SQUARE;0;-87.62033483;41.85718427;-87.6339737;41.84207749;
NEAR SOUTH SIDE;AUSTIN;0;-87.62033483;41.85718427;-87.76311182;41.8941013;
NEAR SOUTH SIDE;AVONDALE;0;-87.62033483;41.85718427;-87.71121064;41.93866589;
NEAR SOUTH SIDE;BELMONT CRAGIN;0;-87.62033483;41.85718427;-87.78802248;41.92764196;
NEAR SOUTH SIDE;BRIDGEPORT;0;-87.62033483;41.85718427;-87.64878825;41.83615066;
NEAR SOUTH SIDE;BRIGHTON PARK;0;-87.62033483;41.85718427;-87.69886064;41.8173668;
NEAR SOUTH SIDE;CHICAGO LAWN;0;-87.62033483;41.85718427;-87.69566636;41.77184916;
NEAR SOUTH SIDE;DUNNING;0;-87.62033483;41.85718427;-87.78151878;41.94935283;
NEAR SOUTH SIDE;EAST GARFIELD PARK;0;-87.62033483;41.85718427;-87.70589721;41.87891463;
NEAR SOUTH SIDE;GARFIELD RIDGE;0;-87.62033483;41.85718427;-87.76423968;41.79618561;
NEAR SOUTH SIDE;HERMOSA;0;-87.62033483;41.85718427;-87.73474016;41.92434776;
NEAR SOUTH SIDE;HUMBOLDT PARK;0;-87.62033483;41.85718427;-87.72091881;41.90006985;
NEAR SOUTH SIDE;IRVING PARK;0;-87.62033483;41.85718427;-87.73815125;41.94987713;
NEAR SOUTH SIDE;JEFFERSON PARK;0;-87.62033483;41.85718427;-87.77116692;41.97882998;
NEAR SOUTH SIDE;KENWOOD;0;-87.62033483;41.85718427;-87.59618358;41.80891637;
NEAR SOUTH SIDE;LAKE VIEW;0;-87.62033483;41.85718427;-87.65599893;41.94422687;
NEAR SOUTH SIDE;LINCOLN PARK;0;-87.62033483;41.85718427;-87.64948972;41.92268612;
NEAR SOUTH SIDE;LINCOLN SQUARE;0;-87.62033483;41.85718427;-87.68751544;41.97517153;
NEAR SOUTH SIDE;LOGAN SQUARE;0;-87.62033483;41.85718427;-87.67997294;41.92047802;
NEAR SOUTH SIDE;LOOP;0;-87.62033483;41.85718427;-87.62519187;41.87886595;
NEAR SOUTH SIDE;LOWER WEST SIDE;0;-87.62033483;41.85718427;-87.66756823;41.85026617;
NEAR SOUTH SIDE;MCKINLEY PARK;0;-87.62033483;41.85718427;-87.6725027;41.82992225;
NEAR SOUTH SIDE;MONTCLARE;0;-87.62033483;41.85718427;-87.79761488;41.92561056;
NEAR SOUTH SIDE;NEAR NORTH SIDE;0;-87.62033483;41.85718427;-87.63330944;41.89960211;
NEAR SOUTH SIDE;NEAR SOUTH SIDE;1;-87.62033483;41.85718427;-87.62033483;41.85718427;
NEAR SOUTH SIDE;NEAR WEST SIDE;0;-87.62033483;41.85718427;-87.66351789;41.87400538;
NEAR SOUTH SIDE;NEW CITY;0;-87.62033483;41.85718427;-87.65916685;41.80901852;
NEAR SOUTH SIDE;NORTH CENTER;0;-87.62033483;41.85718427;-87.68383518;41.94779237;
NEAR SOUTH SIDE;NORTH LAWNDALE;0;-87.62033483;41.85718427;-87.71721947;41.86018959;
NEAR SOUTH SIDE;NORWOOD PARK;0;-87.62033483;41.85718427;-87.80453106;41.98501519;
NEAR SOUTH SIDE;PORTAGE PARK;0;-87.62033483;41.85718427;-87.76339991;41.95402816;
NEAR SOUTH SIDE;SOUTH LAWNDALE;0;-87.62033483;41.85718427;-87.7140021;41.83908701;
NEAR SOUTH SIDE;UPTOWN;0;-87.62033483;41.85718427;-87.65587932;41.96581208;
NEAR SOUTH SIDE;WEST ENGLEWOOD;0;-87.62033483;41.85718427;-87.66659636;41.77593029;
NEAR SOUTH SIDE;WEST GARFIELD PARK;0;-87.62033483;41.85718427;-87.72799576;41.87705644;
NEAR SOUTH SIDE;WEST RIDGE;0;-87.62033483;41.85718427;-87.69501266;42.00157215;
NEAR SOUTH SIDE;WEST TOWN;0;-87.62033483;41.85718427;-87.67635713;41.90120673;
NEAR SOUTH SIDE;WOODLAWN;0;-87.62033483;41.85718427;-87.59492536;41.77887641;
NEAR WEST SIDE;ALBANY PARK;0;-87.66351789;41.87400538;-87.72155978;41.96806847;
NEAR WEST SIDE;ARCHER HEIGHTS;0;-87.66351789;41.87400538;-87.72636284;41.81087957;
NEAR WEST SIDE;ARMOUR SQUARE;2;-87.66351789;41.87400538;-87.6339737;41.84207749;
NEAR WEST SIDE;AUSTIN;141;-87.66351789;41.87400538;-87.76311182;41.8941013;
NEAR WEST SIDE;AVONDALE;171;-87.66351789;41.87400538;-87.71121064;41.93866589;
NEAR WEST SIDE;BELMONT CRAGIN;34;-87.66351789;41.87400538;-87.78802248;41.92764196;
NEAR WEST SIDE;BRIDGEPORT;86;-87.66351789;41.87400538;-87.64878825;41.83615066;
NEAR WEST SIDE;BRIGHTON PARK;0;-87.66351789;41.87400538;-87.69886064;41.8173668;
NEAR WEST SIDE;CHICAGO LAWN;0;-87.66351789;41.87400538;-87.69566636;41.77184916;
NEAR WEST SIDE;DUNNING;3;-87.66351789;41.87400538;-87.78151878;41.94935283;
NEAR WEST SIDE;EAST GARFIELD PARK;804;-87.66351789;41.87400538;-87.70589721;41.87891463;
NEAR WEST SIDE;GARFIELD RIDGE;0;-87.66351789;41.87400538;-87.76423968;41.79618561;
NEAR WEST SIDE;HERMOSA;9;-87.66351789;41.87400538;-87.73474016;41.92434776;
NEAR WEST SIDE;HUMBOLDT PARK;310;-87.66351789;41.87400538;-87.72091881;41.90006985;
NEAR WEST SIDE;IRVING PARK;54;-87.66351789;41.87400538;-87.73815125;41.94987713;
NEAR WEST SIDE;JEFFERSON PARK;0;-87.66351789;41.87400538;-87.77116692;41.97882998;
NEAR WEST SIDE;KENWOOD;0;-87.66351789;41.87400538;-87.59618358;41.80891637;
NEAR WEST SIDE;LAKE VIEW;4;-87.66351789;41.87400538;-87.65599893;41.94422687;
NEAR WEST SIDE;LINCOLN PARK;66;-87.66351789;41.87400538;-87.64948972;41.92268612;
NEAR WEST SIDE;LINCOLN SQUARE;0;-87.66351789;41.87400538;-87.68751544;41.97517153;
NEAR WEST SIDE;LOGAN SQUARE;1890;-87.66351789;41.87400538;-87.67997294;41.92047802;
NEAR WEST SIDE;LOOP;50;-87.66351789;41.87400538;-87.62519187;41.87886595;
NEAR WEST SIDE;LOWER WEST SIDE;4296;-87.66351789;41.87400538;-87.66756823;41.85026617;
NEAR WEST SIDE;MCKINLEY PARK;1;-87.66351789;41.87400538;-87.6725027;41.82992225;
NEAR WEST SIDE;MONTCLARE;1;-87.66351789;41.87400538;-87.79761488;41.92561056;
NEAR WEST SIDE;NEAR NORTH SIDE;260;-87.66351789;41.87400538;-87.63330944;41.89960211;
NEAR WEST SIDE;NEAR SOUTH SIDE;6;-87.66351789;41.87400538;-87.62033483;41.85718427;
NEAR WEST SIDE;NEAR WEST SIDE;156969;-87.66351789;41.87400538;-87.66351789;41.87400538;
NEAR WEST SIDE;NEW CITY;0;-87.66351789;41.87400538;-87.65916685;41.80901852;
NEAR WEST SIDE;NORTH CENTER;5;-87.66351789;41.87400538;-87.68383518;41.94779237;
NEAR WEST SIDE;NORTH LAWNDALE;544;-87.66351789;41.87400538;-87.71721947;41.86018959;
NEAR WEST SIDE;NORWOOD PARK;0;-87.66351789;41.87400538;-87.80453106;41.98501519;
NEAR WEST SIDE;PORTAGE PARK;9;-87.66351789;41.87400538;-87.76339991;41.95402816;
NEAR WEST SIDE;SOUTH LAWNDALE;236;-87.66351789;41.87400538;-87.7140021;41.83908701;
NEAR WEST SIDE;UPTOWN;0;-87.66351789;41.87400538;-87.65587932;41.96581208;
NEAR WEST SIDE;WEST ENGLEWOOD;1;-87.66351789;41.87400538;-87.66659636;41.77593029;
NEAR WEST SIDE;WEST GARFIELD PARK;96;-87.66351789;41.87400538;-87.72799576;41.87705644;
NEAR WEST SIDE;WEST RIDGE;0;-87.66351789;41.87400538;-87.69501266;42.00157215;
NEAR WEST SIDE;WEST TOWN;27794;-87.66351789;41.87400538;-87.67635713;41.90120673;
NEAR WEST SIDE;WOODLAWN;0;-87.66351789;41.87400538;-87.59492536;41.77887641;
NEW CITY;ALBANY PARK;0;-87.65916685;41.80901852;-87.72155978;41.96806847;
NEW CITY;ARCHER HEIGHTS;0;-87.65916685;41.80901852;-87.72636284;41.81087957;
NEW CITY;ARMOUR SQUARE;0;-87.65916685;41.80901852;-87.6339737;41.84207749;
NEW CITY;AUSTIN;0;-87.65916685;41.80901852;-87.76311182;41.8941013;
NEW CITY;AVONDALE;0;-87.65916685;41.80901852;-87.71121064;41.93866589;
NEW CITY;BELMONT CRAGIN;0;-87.65916685;41.80901852;-87.78802248;41.92764196;
NEW CITY;BRIDGEPORT;0;-87.65916685;41.80901852;-87.64878825;41.83615066;
NEW CITY;BRIGHTON PARK;0;-87.65916685;41.80901852;-87.69886064;41.8173668;
NEW CITY;CHICAGO LAWN;0;-87.65916685;41.80901852;-87.69566636;41.77184916;
NEW CITY;DUNNING;0;-87.65916685;41.80901852;-87.78151878;41.94935283;
NEW CITY;EAST GARFIELD PARK;0;-87.65916685;41.80901852;-87.70589721;41.87891463;
NEW CITY;GARFIELD RIDGE;0;-87.65916685;41.80901852;-87.76423968;41.79618561;
NEW CITY;HERMOSA;0;-87.65916685;41.80901852;-87.73474016;41.92434776;
NEW CITY;HUMBOLDT PARK;0;-87.65916685;41.80901852;-87.72091881;41.90006985;
NEW CITY;IRVING PARK;0;-87.65916685;41.80901852;-87.73815125;41.94987713;
NEW CITY;JEFFERSON PARK;0;-87.65916685;41.80901852;-87.77116692;41.97882998;
NEW CITY;KENWOOD;0;-87.65916685;41.80901852;-87.59618358;41.80891637;
NEW CITY;LAKE VIEW;0;-87.65916685;41.80901852;-87.65599893;41.94422687;
NEW CITY;LINCOLN PARK;0;-87.65916685;41.80901852;-87.64948972;41.92268612;
NEW CITY;LINCOLN SQUARE;0;-87.65916685;41.80901852;-87.68751544;41.97517153;
NEW CITY;LOGAN SQUARE;3;-87.65916685;41.80901852;-87.67997294;41.92047802;
NEW CITY;LOOP;0;-87.65916685;41.80901852;-87.62519187;41.87886595;
NEW CITY;LOWER WEST SIDE;0;-87.65916685;41.80901852;-87.66756823;41.85026617;
NEW CITY;MCKINLEY PARK;0;-87.65916685;41.80901852;-87.6725027;41.82992225;
NEW CITY;MONTCLARE;0;-87.65916685;41.80901852;-87.79761488;41.92561056;
NEW CITY;NEAR NORTH SIDE;0;-87.65916685;41.80901852;-87.63330944;41.89960211;
NEW CITY;NEAR SOUTH SIDE;0;-87.65916685;41.80901852;-87.62033483;41.85718427;
NEW CITY;NEAR WEST SIDE;0;-87.65916685;41.80901852;-87.66351789;41.87400538;
NEW CITY;NEW CITY;0;-87.65916685;41.80901852;-87.65916685;41.80901852;
NEW CITY;NORTH CENTER;0;-87.65916685;41.80901852;-87.68383518;41.94779237;
NEW CITY;NORTH LAWNDALE;0;-87.65916685;41.80901852;-87.71721947;41.86018959;
NEW CITY;NORWOOD PARK;0;-87.65916685;41.80901852;-87.80453106;41.98501519;
NEW CITY;PORTAGE PARK;0;-87.65916685;41.80901852;-87.76339991;41.95402816;
NEW CITY;SOUTH LAWNDALE;0;-87.65916685;41.80901852;-87.7140021;41.83908701;
NEW CITY;UPTOWN;0;-87.65916685;41.80901852;-87.65587932;41.96581208;
NEW CITY;WEST ENGLEWOOD;0;-87.65916685;41.80901852;-87.66659636;41.77593029;
NEW CITY;WEST GARFIELD PARK;0;-87.65916685;41.80901852;-87.72799576;41.87705644;
NEW CITY;WEST RIDGE;0;-87.65916685;41.80901852;-87.69501266;42.00157215;
NEW CITY;WEST TOWN;0;-87.65916685;41.80901852;-87.67635713;41.90120673;
NEW CITY;WOODLAWN;0;-87.65916685;41.80901852;-87.59492536;41.77887641;
NORTH CENTER;ALBANY PARK;0;-87.68383518;41.94779237;-87.72155978;41.96806847;
NORTH CENTER;ARCHER HEIGHTS;0;-87.68383518;41.94779237;-87.72636284;41.81087957;
NORTH CENTER;ARMOUR SQUARE;0;-87.68383518;41.94779237;-87.6339737;41.84207749;
NORTH CENTER;AUSTIN;0;-87.68383518;41.94779237;-87.76311182;41.8941013;
NORTH CENTER;AVONDALE;7;-87.68383518;41.94779237;-87.71121064;41.93866589;
NORTH CENTER;BELMONT CRAGIN;0;-87.68383518;41.94779237;-87.78802248;41.92764196;
NORTH CENTER;BRIDGEPORT;0;-87.68383518;41.94779237;-87.64878825;41.83615066;
NORTH CENTER;BRIGHTON PARK;0;-87.68383518;41.94779237;-87.69886064;41.8173668;
NORTH CENTER;CHICAGO LAWN;0;-87.68383518;41.94779237;-87.69566636;41.77184916;
NORTH CENTER;DUNNING;0;-87.68383518;41.94779237;-87.78151878;41.94935283;
NORTH CENTER;EAST GARFIELD PARK;1;-87.68383518;41.94779237;-87.70589721;41.87891463;
NORTH CENTER;GARFIELD RIDGE;0;-87.68383518;41.94779237;-87.76423968;41.79618561;
NORTH CENTER;HERMOSA;0;-87.68383518;41.94779237;-87.73474016;41.92434776;
NORTH CENTER;HUMBOLDT PARK;0;-87.68383518;41.94779237;-87.72091881;41.90006985;
NORTH CENTER;IRVING PARK;8;-87.68383518;41.94779237;-87.73815125;41.94987713;
NORTH CENTER;JEFFERSON PARK;0;-87.68383518;41.94779237;-87.77116692;41.97882998;
NORTH CENTER;KENWOOD;0;-87.68383518;41.94779237;-87.59618358;41.80891637;
NORTH CENTER;LAKE VIEW;0;-87.68383518;41.94779237;-87.65599893;41.94422687;
NORTH CENTER;LINCOLN PARK;0;-87.68383518;41.94779237;-87.64948972;41.92268612;
NORTH CENTER;LINCOLN SQUARE;0;-87.68383518;41.94779237;-87.68751544;41.97517153;
NORTH CENTER;LOGAN SQUARE;9;-87.68383518;41.94779237;-87.67997294;41.92047802;
NORTH CENTER;LOOP;0;-87.68383518;41.94779237;-87.62519187;41.87886595;
NORTH CENTER;LOWER WEST SIDE;0;-87.68383518;41.94779237;-87.66756823;41.85026617;
NORTH CENTER;MCKINLEY PARK;0;-87.68383518;41.94779237;-87.6725027;41.82992225;
NORTH CENTER;MONTCLARE;0;-87.68383518;41.94779237;-87.79761488;41.92561056;
NORTH CENTER;NEAR NORTH SIDE;0;-87.68383518;41.94779237;-87.63330944;41.89960211;
NORTH CENTER;NEAR SOUTH SIDE;0;-87.68383518;41.94779237;-87.62033483;41.85718427;
NORTH CENTER;NEAR WEST SIDE;1;-87.68383518;41.94779237;-87.66351789;41.87400538;
NORTH CENTER;NEW CITY;0;-87.68383518;41.94779237;-87.65916685;41.80901852;
NORTH CENTER;NORTH CENTER;2;-87.68383518;41.94779237;-87.68383518;41.94779237;
NORTH CENTER;NORTH LAWNDALE;0;-87.68383518;41.94779237;-87.71721947;41.86018959;
NORTH CENTER;NORWOOD PARK;0;-87.68383518;41.94779237;-87.80453106;41.98501519;
NORTH CENTER;PORTAGE PARK;1;-87.68383518;41.94779237;-87.76339991;41.95402816;
NORTH CENTER;SOUTH LAWNDALE;0;-87.68383518;41.94779237;-87.7140021;41.83908701;
NORTH CENTER;UPTOWN;0;-87.68383518;41.94779237;-87.65587932;41.96581208;
NORTH CENTER;WEST ENGLEWOOD;0;-87.68383518;41.94779237;-87.66659636;41.77593029;
NORTH CENTER;WEST GARFIELD PARK;0;-87.68383518;41.94779237;-87.72799576;41.87705644;
NORTH CENTER;WEST RIDGE;0;-87.68383518;41.94779237;-87.69501266;42.00157215;
NORTH CENTER;WEST TOWN;1;-87.68383518;41.94779237;-87.67635713;41.90120673;
NORTH CENTER;WOODLAWN;0;-87.68383518;41.94779237;-87.59492536;41.77887641;
NORTH LAWNDALE;ALBANY PARK;0;-87.71721947;41.86018959;-87.72155978;41.96806847;
NORTH LAWNDALE;ARCHER HEIGHTS;1;-87.71721947;41.86018959;-87.72636284;41.81087957;
NORTH LAWNDALE;ARMOUR SQUARE;0;-87.71721947;41.86018959;-87.6339737;41.84207749;
NORTH LAWNDALE;AUSTIN;173;-87.71721947;41.86018959;-87.76311182;41.8941013;
NORTH LAWNDALE;AVONDALE;5;-87.71721947;41.86018959;-87.71121064;41.93866589;
NORTH LAWNDALE;BELMONT CRAGIN;13;-87.71721947;41.86018959;-87.78802248;41.92764196;
NORTH LAWNDALE;BRIDGEPORT;2;-87.71721947;41.86018959;-87.64878825;41.83615066;
NORTH LAWNDALE;BRIGHTON PARK;7;-87.71721947;41.86018959;-87.69886064;41.8173668;
NORTH LAWNDALE;CHICAGO LAWN;1;-87.71721947;41.86018959;-87.69566636;41.77184916;
NORTH LAWNDALE;DUNNING;0;-87.71721947;41.86018959;-87.78151878;41.94935283;
NORTH LAWNDALE;EAST GARFIELD PARK;432;-87.71721947;41.86018959;-87.70589721;41.87891463;
NORTH LAWNDALE;GARFIELD RIDGE;1;-87.71721947;41.86018959;-87.76423968;41.79618561;
NORTH LAWNDALE;HERMOSA;3;-87.71721947;41.86018959;-87.73474016;41.92434776;
NORTH LAWNDALE;HUMBOLDT PARK;100;-87.71721947;41.86018959;-87.72091881;41.90006985;
NORTH LAWNDALE;IRVING PARK;3;-87.71721947;41.86018959;-87.73815125;41.94987713;
NORTH LAWNDALE;JEFFERSON PARK;0;-87.71721947;41.86018959;-87.77116692;41.97882998;
NORTH LAWNDALE;KENWOOD;0;-87.71721947;41.86018959;-87.59618358;41.80891637;
NORTH LAWNDALE;LAKE VIEW;0;-87.71721947;41.86018959;-87.65599893;41.94422687;
NORTH LAWNDALE;LINCOLN PARK;3;-87.71721947;41.86018959;-87.64948972;41.92268612;
NORTH LAWNDALE;LINCOLN SQUARE;0;-87.71721947;41.86018959;-87.68751544;41.97517153;
NORTH LAWNDALE;LOGAN SQUARE;26;-87.71721947;41.86018959;-87.67997294;41.92047802;
NORTH LAWNDALE;LOOP;0;-87.71721947;41.86018959;-87.62519187;41.87886595;
NORTH LAWNDALE;LOWER WEST SIDE;184;-87.71721947;41.86018959;-87.66756823;41.85026617;
NORTH LAWNDALE;MCKINLEY PARK;3;-87.71721947;41.86018959;-87.6725027;41.82992225;
NORTH LAWNDALE;MONTCLARE;3;-87.71721947;41.86018959;-87.79761488;41.92561056;
NORTH LAWNDALE;NEAR NORTH SIDE;2;-87.71721947;41.86018959;-87.63330944;41.89960211;
NORTH LAWNDALE;NEAR SOUTH SIDE;0;-87.71721947;41.86018959;-87.62033483;41.85718427;
NORTH LAWNDALE;NEAR WEST SIDE;434;-87.71721947;41.86018959;-87.66351789;41.87400538;
NORTH LAWNDALE;NEW CITY;0;-87.71721947;41.86018959;-87.65916685;41.80901852;
NORTH LAWNDALE;NORTH CENTER;0;-87.71721947;41.86018959;-87.68383518;41.94779237;
NORTH LAWNDALE;NORTH LAWNDALE;6942;-87.71721947;41.86018959;-87.71721947;41.86018959;
NORTH LAWNDALE;NORWOOD PARK;0;-87.71721947;41.86018959;-87.80453106;41.98501519;
NORTH LAWNDALE;PORTAGE PARK;2;-87.71721947;41.86018959;-87.76339991;41.95402816;
NORTH LAWNDALE;SOUTH LAWNDALE;1457;-87.71721947;41.86018959;-87.7140021;41.83908701;
NORTH LAWNDALE;UPTOWN;0;-87.71721947;41.86018959;-87.65587932;41.96581208;
NORTH LAWNDALE;WEST ENGLEWOOD;0;-87.71721947;41.86018959;-87.66659636;41.77593029;
NORTH LAWNDALE;WEST GARFIELD PARK;270;-87.71721947;41.86018959;-87.72799576;41.87705644;
NORTH LAWNDALE;WEST RIDGE;0;-87.71721947;41.86018959;-87.69501266;42.00157215;
NORTH LAWNDALE;WEST TOWN;103;-87.71721947;41.86018959;-87.67635713;41.90120673;
NORTH LAWNDALE;WOODLAWN;0;-87.71721947;41.86018959;-87.59492536;41.77887641;
OHARE;ALBANY PARK;0;-87.89349472;41.97555516;-87.72155978;41.96806847;
OHARE;ARCHER HEIGHTS;0;-87.89349472;41.97555516;-87.72636284;41.81087957;
OHARE;ARMOUR SQUARE;0;-87.89349472;41.97555516;-87.6339737;41.84207749;
OHARE;AUSTIN;0;-87.89349472;41.97555516;-87.76311182;41.8941013;
OHARE;AVONDALE;0;-87.89349472;41.97555516;-87.71121064;41.93866589;
OHARE;BELMONT CRAGIN;0;-87.89349472;41.97555516;-87.78802248;41.92764196;
OHARE;BRIDGEPORT;0;-87.89349472;41.97555516;-87.64878825;41.83615066;
OHARE;BRIGHTON PARK;0;-87.89349472;41.97555516;-87.69886064;41.8173668;
OHARE;CHICAGO LAWN;0;-87.89349472;41.97555516;-87.69566636;41.77184916;
OHARE;DUNNING;0;-87.89349472;41.97555516;-87.78151878;41.94935283;
OHARE;EAST GARFIELD PARK;0;-87.89349472;41.97555516;-87.70589721;41.87891463;
OHARE;GARFIELD RIDGE;0;-87.89349472;41.97555516;-87.76423968;41.79618561;
OHARE;HERMOSA;0;-87.89349472;41.97555516;-87.73474016;41.92434776;
OHARE;HUMBOLDT PARK;0;-87.89349472;41.97555516;-87.72091881;41.90006985;
OHARE;IRVING PARK;0;-87.89349472;41.97555516;-87.73815125;41.94987713;
OHARE;JEFFERSON PARK;0;-87.89349472;41.97555516;-87.77116692;41.97882998;
OHARE;KENWOOD;0;-87.89349472;41.97555516;-87.59618358;41.80891637;
OHARE;LAKE VIEW;0;-87.89349472;41.97555516;-87.65599893;41.94422687;
OHARE;LINCOLN PARK;0;-87.89349472;41.97555516;-87.64948972;41.92268612;
OHARE;LINCOLN SQUARE;0;-87.89349472;41.97555516;-87.68751544;41.97517153;
OHARE;LOGAN SQUARE;0;-87.89349472;41.97555516;-87.67997294;41.92047802;
OHARE;LOOP;0;-87.89349472;41.97555516;-87.62519187;41.87886595;
OHARE;LOWER WEST SIDE;0;-87.89349472;41.97555516;-87.66756823;41.85026617;
OHARE;MCKINLEY PARK;0;-87.89349472;41.97555516;-87.6725027;41.82992225;
OHARE;MONTCLARE;0;-87.89349472;41.97555516;-87.79761488;41.92561056;
OHARE;NEAR NORTH SIDE;0;-87.89349472;41.97555516;-87.63330944;41.89960211;
OHARE;NEAR SOUTH SIDE;0;-87.89349472;41.97555516;-87.62033483;41.85718427;
OHARE;NEAR WEST SIDE;0;-87.89349472;41.97555516;-87.66351789;41.87400538;
OHARE;NEW CITY;0;-87.89349472;41.97555516;-87.65916685;41.80901852;
OHARE;NORTH CENTER;0;-87.89349472;41.97555516;-87.68383518;41.94779237;
OHARE;NORTH LAWNDALE;0;-87.89349472;41.97555516;-87.71721947;41.86018959;
OHARE;NORWOOD PARK;0;-87.89349472;41.97555516;-87.80453106;41.98501519;
OHARE;PORTAGE PARK;0;-87.89349472;41.97555516;-87.76339991;41.95402816;
OHARE;SOUTH LAWNDALE;0;-87.89349472;41.97555516;-87.7140021;41.83908701;
OHARE;UPTOWN;0;-87.89349472;41.97555516;-87.65587932;41.96581208;
OHARE;WEST ENGLEWOOD;0;-87.89349472;41.97555516;-87.66659636;41.77593029;
OHARE;WEST GARFIELD PARK;0;-87.89349472;41.97555516;-87.72799576;41.87705644;
OHARE;WEST RIDGE;0;-87.89349472;41.97555516;-87.69501266;42.00157215;
OHARE;WEST TOWN;0;-87.89349472;41.97555516;-87.67635713;41.90120673;
OHARE;WOODLAWN;0;-87.89349472;41.97555516;-87.59492536;41.77887641;
PORTAGE PARK;ALBANY PARK;0;-87.76339991;41.95402816;-87.72155978;41.96806847;
PORTAGE PARK;ARCHER HEIGHTS;0;-87.76339991;41.95402816;-87.72636284;41.81087957;
PORTAGE PARK;ARMOUR SQUARE;0;-87.76339991;41.95402816;-87.6339737;41.84207749;
PORTAGE PARK;AUSTIN;72;-87.76339991;41.95402816;-87.76311182;41.8941013;
PORTAGE PARK;AVONDALE;315;-87.76339991;41.95402816;-87.71121064;41.93866589;
PORTAGE PARK;BELMONT CRAGIN;1088;-87.76339991;41.95402816;-87.78802248;41.92764196;
PORTAGE PARK;BRIDGEPORT;0;-87.76339991;41.95402816;-87.64878825;41.83615066;
PORTAGE PARK;BRIGHTON PARK;0;-87.76339991;41.95402816;-87.69886064;41.8173668;
PORTAGE PARK;CHICAGO LAWN;0;-87.76339991;41.95402816;-87.69566636;41.77184916;
PORTAGE PARK;DUNNING;322;-87.76339991;41.95402816;-87.78151878;41.94935283;
PORTAGE PARK;EAST GARFIELD PARK;1;-87.76339991;41.95402816;-87.70589721;41.87891463;
PORTAGE PARK;GARFIELD RIDGE;0;-87.76339991;41.95402816;-87.76423968;41.79618561;
PORTAGE PARK;HERMOSA;122;-87.76339991;41.95402816;-87.73474016;41.92434776;
PORTAGE PARK;HUMBOLDT PARK;33;-87.76339991;41.95402816;-87.72091881;41.90006985;
PORTAGE PARK;IRVING PARK;751;-87.76339991;41.95402816;-87.73815125;41.94987713;
PORTAGE PARK;JEFFERSON PARK;0;-87.76339991;41.95402816;-87.77116692;41.97882998;
PORTAGE PARK;KENWOOD;0;-87.76339991;41.95402816;-87.59618358;41.80891637;
PORTAGE PARK;LAKE VIEW;0;-87.76339991;41.95402816;-87.65599893;41.94422687;
PORTAGE PARK;LINCOLN PARK;1;-87.76339991;41.95402816;-87.64948972;41.92268612;
PORTAGE PARK;LINCOLN SQUARE;0;-87.76339991;41.95402816;-87.68751544;41.97517153;
PORTAGE PARK;LOGAN SQUARE;277;-87.76339991;41.95402816;-87.67997294;41.92047802;
PORTAGE PARK;LOOP;0;-87.76339991;41.95402816;-87.62519187;41.87886595;
PORTAGE PARK;LOWER WEST SIDE;4;-87.76339991;41.95402816;-87.66756823;41.85026617;
PORTAGE PARK;MCKINLEY PARK;0;-87.76339991;41.95402816;-87.6725027;41.82992225;
PORTAGE PARK;MONTCLARE;65;-87.76339991;41.95402816;-87.79761488;41.92561056;
PORTAGE PARK;NEAR NORTH SIDE;0;-87.76339991;41.95402816;-87.63330944;41.89960211;
PORTAGE PARK;NEAR SOUTH SIDE;0;-87.76339991;41.95402816;-87.62033483;41.85718427;
PORTAGE PARK;NEAR WEST SIDE;7;-87.76339991;41.95402816;-87.66351789;41.87400538;
PORTAGE PARK;NEW CITY;0;-87.76339991;41.95402816;-87.65916685;41.80901852;
PORTAGE PARK;NORTH CENTER;15;-87.76339991;41.95402816;-87.68383518;41.94779237;
PORTAGE PARK;NORTH LAWNDALE;1;-87.76339991;41.95402816;-87.71721947;41.86018959;
PORTAGE PARK;NORWOOD PARK;0;-87.76339991;41.95402816;-87.80453106;41.98501519;
PORTAGE PARK;PORTAGE PARK;3919;-87.76339991;41.95402816;-87.76339991;41.95402816;
PORTAGE PARK;SOUTH LAWNDALE;1;-87.76339991;41.95402816;-87.7140021;41.83908701;
PORTAGE PARK;UPTOWN;0;-87.76339991;41.95402816;-87.65587932;41.96581208;
PORTAGE PARK;WEST ENGLEWOOD;0;-87.76339991;41.95402816;-87.66659636;41.77593029;
PORTAGE PARK;WEST GARFIELD PARK;3;-87.76339991;41.95402816;-87.72799576;41.87705644;
PORTAGE PARK;WEST RIDGE;0;-87.76339991;41.95402816;-87.69501266;42.00157215;
PORTAGE PARK;WEST TOWN;78;-87.76339991;41.95402816;-87.67635713;41.90120673;
PORTAGE PARK;WOODLAWN;0;-87.76339991;41.95402816;-87.59492536;41.77887641;
SOUTH LAWNDALE;ALBANY PARK;0;-87.7140021;41.83908701;-87.72155978;41.96806847;
SOUTH LAWNDALE;ARCHER HEIGHTS;4;-87.7140021;41.83908701;-87.72636284;41.81087957;
SOUTH LAWNDALE;ARMOUR SQUARE;0;-87.7140021;41.83908701;-87.6339737;41.84207749;
SOUTH LAWNDALE;AUSTIN;17;-87.7140021;41.83908701;-87.76311182;41.8941013;
SOUTH LAWNDALE;AVONDALE;1;-87.7140021;41.83908701;-87.71121064;41.93866589;
SOUTH LAWNDALE;BELMONT CRAGIN;1;-87.7140021;41.83908701;-87.78802248;41.92764196;
SOUTH LAWNDALE;BRIDGEPORT;1;-87.7140021;41.83908701;-87.64878825;41.83615066;
SOUTH LAWNDALE;BRIGHTON PARK;5;-87.7140021;41.83908701;-87.69886064;41.8173668;
SOUTH LAWNDALE;CHICAGO LAWN;2;-87.7140021;41.83908701;-87.69566636;41.77184916;
SOUTH LAWNDALE;DUNNING;0;-87.7140021;41.83908701;-87.78151878;41.94935283;
SOUTH LAWNDALE;EAST GARFIELD PARK;33;-87.7140021;41.83908701;-87.70589721;41.87891463;
SOUTH LAWNDALE;GARFIELD RIDGE;0;-87.7140021;41.83908701;-87.76423968;41.79618561;
SOUTH LAWNDALE;HERMOSA;1;-87.7140021;41.83908701;-87.73474016;41.92434776;
SOUTH LAWNDALE;HUMBOLDT PARK;9;-87.7140021;41.83908701;-87.72091881;41.90006985;
SOUTH LAWNDALE;IRVING PARK;9;-87.7140021;41.83908701;-87.73815125;41.94987713;
SOUTH LAWNDALE;JEFFERSON PARK;0;-87.7140021;41.83908701;-87.77116692;41.97882998;
SOUTH LAWNDALE;KENWOOD;1;-87.7140021;41.83908701;-87.59618358;41.80891637;
SOUTH LAWNDALE;LAKE VIEW;0;-87.7140021;41.83908701;-87.65599893;41.94422687;
SOUTH LAWNDALE;LINCOLN PARK;0;-87.7140021;41.83908701;-87.64948972;41.92268612;
SOUTH LAWNDALE;LINCOLN SQUARE;0;-87.7140021;41.83908701;-87.68751544;41.97517153;
SOUTH LAWNDALE;LOGAN SQUARE;26;-87.7140021;41.83908701;-87.67997294;41.92047802;
SOUTH LAWNDALE;LOOP;0;-87.7140021;41.83908701;-87.62519187;41.87886595;
SOUTH LAWNDALE;LOWER WEST SIDE;359;-87.7140021;41.83908701;-87.66756823;41.85026617;
SOUTH LAWNDALE;MCKINLEY PARK;2;-87.7140021;41.83908701;-87.6725027;41.82992225;
SOUTH LAWNDALE;MONTCLARE;1;-87.7140021;41.83908701;-87.79761488;41.92561056;
SOUTH LAWNDALE;NEAR NORTH SIDE;0;-87.7140021;41.83908701;-87.63330944;41.89960211;
SOUTH LAWNDALE;NEAR SOUTH SIDE;0;-87.7140021;41.83908701;-87.62033483;41.85718427;
SOUTH LAWNDALE;NEAR WEST SIDE;129;-87.7140021;41.83908701;-87.66351789;41.87400538;
SOUTH LAWNDALE;NEW CITY;0;-87.7140021;41.83908701;-87.65916685;41.80901852;
SOUTH LAWNDALE;NORTH CENTER;0;-87.7140021;41.83908701;-87.68383518;41.94779237;
SOUTH LAWNDALE;NORTH LAWNDALE;755;-87.7140021;41.83908701;-87.71721947;41.86018959;
SOUTH LAWNDALE;NORWOOD PARK;0;-87.7140021;41.83908701;-87.80453106;41.98501519;
SOUTH LAWNDALE;PORTAGE PARK;0;-87.7140021;41.83908701;-87.76339991;41.95402816;
SOUTH LAWNDALE;SOUTH LAWNDALE;6665;-87.7140021;41.83908701;-87.7140021;41.83908701;
SOUTH LAWNDALE;UPTOWN;0;-87.7140021;41.83908701;-87.65587932;41.96581208;
SOUTH LAWNDALE;WEST ENGLEWOOD;0;-87.7140021;41.83908701;-87.66659636;41.77593029;
SOUTH LAWNDALE;WEST GARFIELD PARK;11;-87.7140021;41.83908701;-87.72799576;41.87705644;
SOUTH LAWNDALE;WEST RIDGE;0;-87.7140021;41.83908701;-87.69501266;42.00157215;
SOUTH LAWNDALE;WEST TOWN;20;-87.7140021;41.83908701;-87.67635713;41.90120673;
SOUTH LAWNDALE;WOODLAWN;0;-87.7140021;41.83908701;-87.59492536;41.77887641;
UPTOWN;ALBANY PARK;0;-87.65587932;41.96581208;-87.72155978;41.96806847;
UPTOWN;ARCHER HEIGHTS;0;-87.65587932;41.96581208;-87.72636284;41.81087957;
UPTOWN;ARMOUR SQUARE;0;-87.65587932;41.96581208;-87.6339737;41.84207749;
UPTOWN;AUSTIN;0;-87.65587932;41.96581208;-87.76311182;41.8941013;
UPTOWN;AVONDALE;0;-87.65587932;41.96581208;-87.71121064;41.93866589;
UPTOWN;BELMONT CRAGIN;0;-87.65587932;41.96581208;-87.78802248;41.92764196;
UPTOWN;BRIDGEPORT;0;-87.65587932;41.96581208;-87.64878825;41.83615066;
UPTOWN;BRIGHTON PARK;0;-87.65587932;41.96581208;-87.69886064;41.8173668;
UPTOWN;CHICAGO LAWN;0;-87.65587932;41.96581208;-87.69566636;41.77184916;
UPTOWN;DUNNING;0;-87.65587932;41.96581208;-87.78151878;41.94935283;
UPTOWN;EAST GARFIELD PARK;0;-87.65587932;41.96581208;-87.70589721;41.87891463;
UPTOWN;GARFIELD RIDGE;0;-87.65587932;41.96581208;-87.76423968;41.79618561;
UPTOWN;HERMOSA;0;-87.65587932;41.96581208;-87.73474016;41.92434776;
UPTOWN;HUMBOLDT PARK;0;-87.65587932;41.96581208;-87.72091881;41.90006985;
UPTOWN;IRVING PARK;0;-87.65587932;41.96581208;-87.73815125;41.94987713;
UPTOWN;JEFFERSON PARK;0;-87.65587932;41.96581208;-87.77116692;41.97882998;
UPTOWN;KENWOOD;0;-87.65587932;41.96581208;-87.59618358;41.80891637;
UPTOWN;LAKE VIEW;0;-87.65587932;41.96581208;-87.65599893;41.94422687;
UPTOWN;LINCOLN PARK;0;-87.65587932;41.96581208;-87.64948972;41.92268612;
UPTOWN;LINCOLN SQUARE;0;-87.65587932;41.96581208;-87.68751544;41.97517153;
UPTOWN;LOGAN SQUARE;0;-87.65587932;41.96581208;-87.67997294;41.92047802;
UPTOWN;LOOP;0;-87.65587932;41.96581208;-87.62519187;41.87886595;
UPTOWN;LOWER WEST SIDE;0;-87.65587932;41.96581208;-87.66756823;41.85026617;
UPTOWN;MCKINLEY PARK;0;-87.65587932;41.96581208;-87.6725027;41.82992225;
UPTOWN;MONTCLARE;0;-87.65587932;41.96581208;-87.79761488;41.92561056;
UPTOWN;NEAR NORTH SIDE;0;-87.65587932;41.96581208;-87.63330944;41.89960211;
UPTOWN;NEAR SOUTH SIDE;0;-87.65587932;41.96581208;-87.62033483;41.85718427;
UPTOWN;NEAR WEST SIDE;0;-87.65587932;41.96581208;-87.66351789;41.87400538;
UPTOWN;NEW CITY;0;-87.65587932;41.96581208;-87.65916685;41.80901852;
UPTOWN;NORTH CENTER;0;-87.65587932;41.96581208;-87.68383518;41.94779237;
UPTOWN;NORTH LAWNDALE;0;-87.65587932;41.96581208;-87.71721947;41.86018959;
UPTOWN;NORWOOD PARK;0;-87.65587932;41.96581208;-87.80453106;41.98501519;
UPTOWN;PORTAGE PARK;0;-87.65587932;41.96581208;-87.76339991;41.95402816;
UPTOWN;SOUTH LAWNDALE;0;-87.65587932;41.96581208;-87.7140021;41.83908701;
UPTOWN;UPTOWN;1;-87.65587932;41.96581208;-87.65587932;41.96581208;
UPTOWN;WEST ENGLEWOOD;0;-87.65587932;41.96581208;-87.66659636;41.77593029;
UPTOWN;WEST GARFIELD PARK;0;-87.65587932;41.96581208;-87.72799576;41.87705644;
UPTOWN;WEST RIDGE;0;-87.65587932;41.96581208;-87.69501266;42.00157215;
UPTOWN;WEST TOWN;0;-87.65587932;41.96581208;-87.67635713;41.90120673;
UPTOWN;WOODLAWN;0;-87.65587932;41.96581208;-87.59492536;41.77887641;
WEST GARFIELD PARK;ALBANY PARK;0;-87.73023251;41.87859467;-87.72155978;41.96806847;
WEST GARFIELD PARK;ARCHER HEIGHTS;1;-87.73023251;41.87859467;-87.72636284;41.81087957;
WEST GARFIELD PARK;ARMOUR SQUARE;0;-87.73023251;41.87859467;-87.6339737;41.84207749;
WEST GARFIELD PARK;AUSTIN;640;-87.73023251;41.87859467;-87.76311182;41.8941013;
WEST GARFIELD PARK;AVONDALE;4;-87.73023251;41.87859467;-87.71121064;41.93866589;
WEST GARFIELD PARK;BELMONT CRAGIN;3;-87.73023251;41.87859467;-87.78802248;41.92764196;
WEST GARFIELD PARK;BRIDGEPORT;0;-87.73023251;41.87859467;-87.64878825;41.83615066;
WEST GARFIELD PARK;BRIGHTON PARK;0;-87.73023251;41.87859467;-87.69886064;41.8173668;
WEST GARFIELD PARK;CHICAGO LAWN;0;-87.73023251;41.87859467;-87.69566636;41.77184916;
WEST GARFIELD PARK;DUNNING;1;-87.73023251;41.87859467;-87.78151878;41.94935283;
WEST GARFIELD PARK;EAST GARFIELD PARK;370;-87.73023251;41.87859467;-87.70589721;41.87891463;
WEST GARFIELD PARK;GARFIELD RIDGE;0;-87.73023251;41.87859467;-87.76423968;41.79618561;
WEST GARFIELD PARK;HERMOSA;8;-87.73023251;41.87859467;-87.73474016;41.92434776;
WEST GARFIELD PARK;HUMBOLDT PARK;533;-87.73023251;41.87859467;-87.72091881;41.90006985;
WEST GARFIELD PARK;IRVING PARK;6;-87.73023251;41.87859467;-87.73815125;41.94987713;
WEST GARFIELD PARK;JEFFERSON PARK;0;-87.73023251;41.87859467;-87.77116692;41.97882998;
WEST GARFIELD PARK;KENWOOD;0;-87.73023251;41.87859467;-87.59618358;41.80891637;
WEST GARFIELD PARK;LAKE VIEW;0;-87.73023251;41.87859467;-87.65599893;41.94422687;
WEST GARFIELD PARK;LINCOLN PARK;1;-87.73023251;41.87859467;-87.64948972;41.92268612;
WEST GARFIELD PARK;LINCOLN SQUARE;0;-87.73023251;41.87859467;-87.68751544;41.97517153;
WEST GARFIELD PARK;LOGAN SQUARE;18;-87.73023251;41.87859467;-87.67997294;41.92047802;
WEST GARFIELD PARK;LOOP;0;-87.73023251;41.87859467;-87.62519187;41.87886595;
WEST GARFIELD PARK;LOWER WEST SIDE;5;-87.73023251;41.87859467;-87.66756823;41.85026617;
WEST GARFIELD PARK;MCKINLEY PARK;0;-87.73023251;41.87859467;-87.6725027;41.82992225;
WEST GARFIELD PARK;MONTCLARE;3;-87.73023251;41.87859467;-87.79761488;41.92561056;
WEST GARFIELD PARK;NEAR NORTH SIDE;2;-87.73023251;41.87859467;-87.63330944;41.89960211;
WEST GARFIELD PARK;NEAR SOUTH SIDE;0;-87.73023251;41.87859467;-87.62033483;41.85718427;
WEST GARFIELD PARK;NEAR WEST SIDE;137;-87.73023251;41.87859467;-87.66351789;41.87400538;
WEST GARFIELD PARK;NEW CITY;0;-87.73023251;41.87859467;-87.65916685;41.80901852;
WEST GARFIELD PARK;NORTH CENTER;0;-87.73023251;41.87859467;-87.68383518;41.94779237;
WEST GARFIELD PARK;NORTH LAWNDALE;275;-87.73023251;41.87859467;-87.71721947;41.86018959;
WEST GARFIELD PARK;NORWOOD PARK;0;-87.73023251;41.87859467;-87.80453106;41.98501519;
WEST GARFIELD PARK;PORTAGE PARK;4;-87.73023251;41.87859467;-87.76339991;41.95402816;
WEST GARFIELD PARK;SOUTH LAWNDALE;25;-87.73023251;41.87859467;-87.7140021;41.83908701;
WEST GARFIELD PARK;UPTOWN;0;-87.73023251;41.87859467;-87.65587932;41.96581208;
WEST GARFIELD PARK;WEST ENGLEWOOD;0;-87.73023251;41.87859467;-87.66659636;41.77593029;
WEST GARFIELD PARK;WEST GARFIELD PARK;2971;-87.73023251;41.87859467;-87.72799576;41.87705644;
WEST GARFIELD PARK;WEST RIDGE;0;-87.73023251;41.87859467;-87.69501266;42.00157215;
WEST GARFIELD PARK;WEST TOWN;38;-87.73023251;41.87859467;-87.67635713;41.90120673;
WEST GARFIELD PARK;WOODLAWN;0;-87.73023251;41.87859467;-87.59492536;41.77887641;
WEST TOWN;ALBANY PARK;0;-87.67635713;41.90120673;-87.72155978;41.96806847;
WEST TOWN;ARCHER HEIGHTS;0;-87.67635713;41.90120673;-87.72636284;41.81087957;
WEST TOWN;ARMOUR SQUARE;0;-87.67635713;41.90120673;-87.6339737;41.84207749;
WEST TOWN;AUSTIN;219;-87.67635713;41.90120673;-87.76311182;41.8941013;
WEST TOWN;AVONDALE;989;-87.67635713;41.90120673;-87.71121064;41.93866589;
WEST TOWN;BELMONT CRAGIN;172;-87.67635713;41.90120673;-87.78802248;41.92764196;
WEST TOWN;BRIDGEPORT;4;-87.67635713;41.90120673;-87.64878825;41.83615066;
WEST TOWN;BRIGHTON PARK;0;-87.67635713;41.90120673;-87.69886064;41.8173668;
WEST TOWN;CHICAGO LAWN;0;-87.67635713;41.90120673;-87.69566636;41.77184916;
WEST TOWN;DUNNING;19;-87.67635713;41.90120673;-87.78151878;41.94935283;
WEST TOWN;EAST GARFIELD PARK;342;-87.67635713;41.90120673;-87.70589721;41.87891463;
WEST TOWN;GARFIELD RIDGE;0;-87.67635713;41.90120673;-87.76423968;41.79618561;
WEST TOWN;HERMOSA;174;-87.67635713;41.90120673;-87.73474016;41.92434776;
WEST TOWN;HUMBOLDT PARK;2702;-87.67635713;41.90120673;-87.72091881;41.90006985;
WEST TOWN;IRVING PARK;316;-87.67635713;41.90120673;-87.73815125;41.94987713;
WEST TOWN;JEFFERSON PARK;0;-87.67635713;41.90120673;-87.77116692;41.97882998;
WEST TOWN;KENWOOD;0;-87.67635713;41.90120673;-87.59618358;41.80891637;
WEST TOWN;LAKE VIEW;10;-87.67635713;41.90120673;-87.65599893;41.94422687;
WEST TOWN;LINCOLN PARK;530;-87.67635713;41.90120673;-87.64948972;41.92268612;
WEST TOWN;LINCOLN SQUARE;0;-87.67635713;41.90120673;-87.68751544;41.97517153;
WEST TOWN;LOGAN SQUARE;21970;-87.67635713;41.90120673;-87.67997294;41.92047802;
WEST TOWN;LOOP;6;-87.67635713;41.90120673;-87.62519187;41.87886595;
WEST TOWN;LOWER WEST SIDE;540;-87.67635713;41.90120673;-87.66756823;41.85026617;
WEST TOWN;MCKINLEY PARK;2;-87.67635713;41.90120673;-87.6725027;41.82992225;
WEST TOWN;MONTCLARE;2;-87.67635713;41.90120673;-87.79761488;41.92561056;
WEST TOWN;NEAR NORTH SIDE;668;-87.67635713;41.90120673;-87.63330944;41.89960211;
WEST TOWN;NEAR SOUTH SIDE;0;-87.67635713;41.90120673;-87.62033483;41.85718427;
WEST TOWN;NEAR WEST SIDE;18981;-87.67635713;41.90120673;-87.66351789;41.87400538;
WEST TOWN;NEW CITY;1;-87.67635713;41.90120673;-87.65916685;41.80901852;
WEST TOWN;NORTH CENTER;45;-87.67635713;41.90120673;-87.68383518;41.94779237;
WEST TOWN;NORTH LAWNDALE;199;-87.67635713;41.90120673;-87.71721947;41.86018959;
WEST TOWN;NORWOOD PARK;0;-87.67635713;41.90120673;-87.80453106;41.98501519;
WEST TOWN;PORTAGE PARK;86;-87.67635713;41.90120673;-87.76339991;41.95402816;
WEST TOWN;SOUTH LAWNDALE;64;-87.67635713;41.90120673;-87.7140021;41.83908701;
WEST TOWN;UPTOWN;2;-87.67635713;41.90120673;-87.65587932;41.96581208;
WEST TOWN;WEST ENGLEWOOD;0;-87.67635713;41.90120673;-87.66659636;41.77593029;
WEST TOWN;WEST GARFIELD PARK;38;-87.67635713;41.90120673;-87.72799576;41.87705644;
WEST TOWN;WEST RIDGE;0;-87.67635713;41.90120673;-87.69501266;42.00157215;
WEST TOWN;WEST TOWN;138175;-87.67635713;41.90120673;-87.67635713;41.90120673;
WEST TOWN;WOODLAWN;0;-87.67635713;41.90120673;-87.59492536;41.77887641;
WOODLAWN;ALBANY PARK;0;-87.59492536;41.77887641;-87.72155978;41.96806847;
WOODLAWN;ARCHER HEIGHTS;0;-87.59492536;41.77887641;-87.72636284;41.81087957;
WOODLAWN;ARMOUR SQUARE;0;-87.59492536;41.77887641;-87.6339737;41.84207749;
WOODLAWN;AUSTIN;0;-87.59492536;41.77887641;-87.76311182;41.8941013;
WOODLAWN;AVONDALE;0;-87.59492536;41.77887641;-87.71121064;41.93866589;
WOODLAWN;BELMONT CRAGIN;0;-87.59492536;41.77887641;-87.78802248;41.92764196;
WOODLAWN;BRIDGEPORT;0;-87.59492536;41.77887641;-87.64878825;41.83615066;
WOODLAWN;BRIGHTON PARK;0;-87.59492536;41.77887641;-87.69886064;41.8173668;
WOODLAWN;CHICAGO LAWN;0;-87.59492536;41.77887641;-87.69566636;41.77184916;
WOODLAWN;DUNNING;0;-87.59492536;41.77887641;-87.78151878;41.94935283;
WOODLAWN;EAST GARFIELD PARK;0;-87.59492536;41.77887641;-87.70589721;41.87891463;
WOODLAWN;GARFIELD RIDGE;0;-87.59492536;41.77887641;-87.76423968;41.79618561;
WOODLAWN;HERMOSA;0;-87.59492536;41.77887641;-87.73474016;41.92434776;
WOODLAWN;HUMBOLDT PARK;0;-87.59492536;41.77887641;-87.72091881;41.90006985;
WOODLAWN;IRVING PARK;0;-87.59492536;41.77887641;-87.73815125;41.94987713;
WOODLAWN;JEFFERSON PARK;0;-87.59492536;41.77887641;-87.77116692;41.97882998;
WOODLAWN;KENWOOD;0;-87.59492536;41.77887641;-87.59618358;41.80891637;
WOODLAWN;LAKE VIEW;0;-87.59492536;41.77887641;-87.65599893;41.94422687;
WOODLAWN;LINCOLN PARK;0;-87.59492536;41.77887641;-87.64948972;41.92268612;
WOODLAWN;LINCOLN SQUARE;0;-87.59492536;41.77887641;-87.68751544;41.97517153;
WOODLAWN;LOGAN SQUARE;0;-87.59492536;41.77887641;-87.67997294;41.92047802;
WOODLAWN;LOOP;0;-87.59492536;41.77887641;-87.62519187;41.87886595;
WOODLAWN;LOWER WEST SIDE;0;-87.59492536;41.77887641;-87.66756823;41.85026617;
WOODLAWN;MCKINLEY PARK;0;-87.59492536;41.77887641;-87.6725027;41.82992225;
WOODLAWN;MONTCLARE;0;-87.59492536;41.77887641;-87.79761488;41.92561056;
WOODLAWN;NEAR NORTH SIDE;0;-87.59492536;41.77887641;-87.63330944;41.89960211;
WOODLAWN;NEAR SOUTH SIDE;0;-87.59492536;41.77887641;-87.62033483;41.85718427;
WOODLAWN;NEAR WEST SIDE;2;-87.59492536;41.77887641;-87.66351789;41.87400538;
WOODLAWN;NEW CITY;0;-87.59492536;41.77887641;-87.65916685;41.80901852;
WOODLAWN;NORTH CENTER;0;-87.59492536;41.77887641;-87.68383518;41.94779237;
WOODLAWN;NORTH LAWNDALE;0;-87.59492536;41.77887641;-87.71721947;41.86018959;
WOODLAWN;NORWOOD PARK;0;-87.59492536;41.77887641;-87.80453106;41.98501519;
WOODLAWN;PORTAGE PARK;0;-87.59492536;41.77887641;-87.76339991;41.95402816;
WOODLAWN;SOUTH LAWNDALE;0;-87.59492536;41.77887641;-87.7140021;41.83908701;
WOODLAWN;UPTOWN;0;-87.59492536;41.77887641;-87.65587932;41.96581208;
WOODLAWN;WEST ENGLEWOOD;0;-87.59492536;41.77887641;-87.66659636;41.77593029;
WOODLAWN;WEST GARFIELD PARK;0;-87.59492536;41.77887641;-87.72799576;41.87705644;
WOODLAWN;WEST RIDGE;0;-87.59492536;41.77887641;-87.69501266;42.00157215;
WOODLAWN;WEST TOWN;0;-87.59492536;41.77887641;-87.67635713;41.90120673;
WOODLAWN;WOODLAWN;3;-87.59492536;41.77887641;-87.59492536;41.77887641;
